asset_id,request_id,status,source_file,runtime_file,sha256,creator,tool_model,created_at,license,source_url,attribution_required,attribution_text,approved_by,approved_at,integrated_at,replaces_asset_id,notes
svg_VIS-UI-002_UW-UPGRADE-1.0_location,VIS-UI-002,received,materials/inbox/visual/ui_icons/svg/VIS-UI-002_UW-UPGRADE-1.0_location.svg,,3f7278a95ca3dc8d1bcd2e1441c4bdeef6d442dd655a7b8301f098714b0fe8cc,WorkBuddy AI Asset Agent,Python PIL,2026-08-07T18:15:00+08:00,Project original - UW 0.5.0-pre-capture,Procedurally generated,false,,,,,VIS-UI-001_v001,UI icon: svg/VIS-UI-002_UW-UPGRADE-1.0_location.svg
VIS-UI-002_UW-UPGRADE-1.0_location_24,VIS-UI-002,received,materials/inbox/visual/ui_icons/VIS-UI-002_UW-UPGRADE-1.0_location_24.png,,673a645c5054bc698000e82c7cb9829c8c00ab534a77ccb86c6fca1ce9290572,WorkBuddy AI Asset Agent,Python PIL,2026-08-07T18:15:00+08:00,Project original - UW 0.5.0-pre-capture,Procedurally generated,false,,,,,VIS-UI-001_v001,UI icon: VIS-UI-002_UW-UPGRADE-1.0_location_24.png
VIS-UI-002_UW-UPGRADE-1.0_location_48,VIS-UI-002,received,materials/inbox/visual/ui_icons/VIS-UI-002_UW-UPGRADE-1.0_location_48.png,,a2a81cea8be9743749fe6027d4f469ba24d0f2981ec43ea8c91f4ea951e8bdf6,WorkBuddy AI Asset Agent,Python PIL,2026-08-07T18:15:00+08:00,Project original - UW 0.5.0-pre-capture,Procedurally generated,false,,,,,VIS-UI-001_v001,UI icon: VIS-UI-002_UW-UPGRADE-1.0_location_48.png
VIS-UI-002_UW-UPGRADE-1.0_location_96,VIS-UI-002,received,materials/inbox/visual/ui_icons/VIS-UI-002_UW-UPGRADE-1.0_location_96.png,,db32b587dbeb08bf84d02bc59c358d1e103777acde6e78752162fcfba9552a24,WorkBuddy AI Asset Agent,Python PIL,2026-08-07T18:15:00+08:00,Project original - UW 0.5.0-pre-capture,Procedurally generated,false,,,,,VIS-UI-001_v001,UI icon: VIS-UI-002_UW-UPGRADE-1.0_location_96.png
VIS-UI-002_UW-UPGRADE-1.0_location_48_hover,VIS-UI-002,received,materials/inbox/visual/ui_icons/VIS-UI-002_UW-UPGRADE-1.0_location_48_hover.png,,e678f678426cfb44c33865a6aa94dbd23eadaf2dcefc9e065e3b5c427c5514e5,WorkBuddy AI Asset Agent,Python PIL,2026-08-07T18:15:00+08:00,Project original - UW 0.5.0-pre-capture,Procedurally generated,false,,,,,VIS-UI-001_v001,UI icon: VIS-UI-002_UW-UPGRADE-1.0_location_48_hover.png
VIS-UI-002_UW-UPGRADE-1.0_location_48_selected,VIS-UI-002,received,materials/inbox/visual/ui_icons/VIS-UI-002_UW-UPGRADE-1.0_location_48_selected.png,,4489927579eaa44e1303efc8437d5fe6aa884b4e75b9d26e8dab6d7a4aa78a08,WorkBuddy AI Asset Agent,Python PIL,2026-08-07T18:15:00+08:00,Project original - UW 0.5.0-pre-capture,Procedurally generated,false,,,,,VIS-UI-001_v001,UI icon: VIS-UI-002_UW-UPGRADE-1.0_location_48_selected.png
VIS-UI-002_UW-UPGRADE-1.0_location_48_disabled,VIS-UI-002,received,materials/inbox/visual/ui_icons/VIS-UI-002_UW-UPGRADE-1.0_location_48_disabled.png,,a8f3a2560c2d9a656c14a7d35ff3f4f2037c07e48508552ad004db7793fc6d62,WorkBuddy AI Asset Agent,Python PIL,2026-08-07T18:15:00+08:00,Project original - UW 0.5.0-pre-capture,Procedurally generated,false,,,,,VIS-UI-001_v001,UI icon: VIS-UI-002_UW-UPGRADE-1.0_location_48_disabled.png
VIS-UI-002_UW-UPGRADE-1.0_location_48_warning,VIS-UI-002,received,materials/inbox/visual/ui_icons/VIS-UI-002_UW-UPGRADE-1.0_location_48_warning.png,,8a5b90d55312b97db0834f03df87b90e3a0087c1ced4002847ce13911d0694e9,WorkBuddy AI Asset Agent,Python PIL,2026-08-07T18:15:00+08:00,Project original - UW 0.5.0-pre-capture,Procedurally generated,false,,,,,VIS-UI-001_v001,UI icon: VIS-UI-002_UW-UPGRADE-1.0_location_48_warning.png
svg_VIS-UI-002_UW-UPGRADE-1.0_route,VIS-UI-002,received,materials/inbox/visual/ui_icons/svg/VIS-UI-002_UW-UPGRADE-1.0_route.svg,,1b4189c34bb7cd8a3a25123c1ae6eaa55c5bfe8334fd3d165ae86702a67cef78,WorkBuddy AI Asset Agent,Python PIL,2026-08-07T18:15:00+08:00,Project original - UW 0.5.0-pre-capture,Procedurally generated,false,,,,,VIS-UI-001_v001,UI icon: svg/VIS-UI-002_UW-UPGRADE-1.0_route.svg
VIS-UI-002_UW-UPGRADE-1.0_route_24,VIS-UI-002,received,materials/inbox/visual/ui_icons/VIS-UI-002_UW-UPGRADE-1.0_route_24.png,,751d5082f755778adef8ab8d27683f63f44b9254f09ab8a9419d7c1b22c0b1fb,WorkBuddy AI Asset Agent,Python PIL,2026-08-07T18:15:00+08:00,Project original - UW 0.5.0-pre-capture,Procedurally generated,false,,,,,VIS-UI-001_v001,UI icon: VIS-UI-002_UW-UPGRADE-1.0_route_24.png
VIS-UI-002_UW-UPGRADE-1.0_route_48,VIS-UI-002,received,materials/inbox/visual/ui_icons/VIS-UI-002_UW-UPGRADE-1.0_route_48.png,,1459f56e8d02103ee9b810a3f89fb6b8de4a428309d7ddd9fdd032152ffbfec6,WorkBuddy AI Asset Agent,Python PIL,2026-08-07T18:15:00+08:00,Project original - UW 0.5.0-pre-capture,Procedurally generated,false,,,,,VIS-UI-001_v001,UI icon: VIS-UI-002_UW-UPGRADE-1.0_route_48.png
VIS-UI-002_UW-UPGRADE-1.0_route_96,VIS-UI-002,received,materials/inbox/visual/ui_icons/VIS-UI-002_UW-UPGRADE-1.0_route_96.png,,932ac9ef2c9f38bcf4509ebde756ee299ed2be5fa01746dc2bb95c8b806ea5ef,WorkBuddy AI Asset Agent,Python PIL,2026-08-07T18:15:00+08:00,Project original - UW 0.5.0-pre-capture,Procedurally generated,false,,,,,VIS-UI-001_v001,UI icon: VIS-UI-002_UW-UPGRADE-1.0_route_96.png
VIS-UI-002_UW-UPGRADE-1.0_route_48_hover,VIS-UI-002,received,materials/inbox/visual/ui_icons/VIS-UI-002_UW-UPGRADE-1.0_route_48_hover.png,,de33c95a06baa27cad8674040373c6b596712a8429e65deb54ba36baa291a191,WorkBuddy AI Asset Agent,Python PIL,2026-08-07T18:15:00+08:00,Project original - UW 0.5.0-pre-capture,Procedurally generated,false,,,,,VIS-UI-001_v001,UI icon: VIS-UI-002_UW-UPGRADE-1.0_route_48_hover.png
VIS-UI-002_UW-UPGRADE-1.0_route_48_selected,VIS-UI-002,received,materials/inbox/visual/ui_icons/VIS-UI-002_UW-UPGRADE-1.0_route_48_selected.png,,347a2b5ec05e875a7201fe170aa0aa8cf4caa32c24d1f6da4f3da1ce2e31905e,WorkBuddy AI Asset Agent,Python PIL,2026-08-07T18:15:00+08:00,Project original - UW 0.5.0-pre-capture,Procedurally generated,false,,,,,VIS-UI-001_v001,UI icon: VIS-UI-002_UW-UPGRADE-1.0_route_48_selected.png
VIS-UI-002_UW-UPGRADE-1.0_route_48_disabled,VIS-UI-002,received,materials/inbox/visual/ui_icons/VIS-UI-002_UW-UPGRADE-1.0_route_48_disabled.png,,a8f3a2560c2d9a656c14a7d35ff3f4f2037c07e48508552ad004db7793fc6d62,WorkBuddy AI Asset Agent,Python PIL,2026-08-07T18:15:00+08:00,Project original - UW 0.5.0-pre-capture,Procedurally generated,false,,,,,VIS-UI-001_v001,UI icon: VIS-UI-002_UW-UPGRADE-1.0_route_48_disabled.png
VIS-UI-002_UW-UPGRADE-1.0_route_48_warning,VIS-UI-002,received,materials/inbox/visual/ui_icons/VIS-UI-002_UW-UPGRADE-1.0_route_48_warning.png,,84c74da4ede9262092ebcaaaad571277d9c65869bef0920de3af6a840cdaa013,WorkBuddy AI Asset Agent,Python PIL,2026-08-07T18:15:00+08:00,Project original - UW 0.5.0-pre-capture,Procedurally generated,false,,,,,VIS-UI-001_v001,UI icon: VIS-UI-002_UW-UPGRADE-1.0_route_48_warning.png
svg_VIS-UI-002_UW-UPGRADE-1.0_arrival,VIS-UI-002,received,materials/inbox/visual/ui_icons/svg/VIS-UI-002_UW-UPGRADE-1.0_arrival.svg,,fd0fbf8e94849b5aecc4577ab10d48b44ac9ab298ef6c32a328eec9c94f4b8a5,WorkBuddy AI Asset Agent,Python PIL,2026-08-07T18:15:00+08:00,Project original - UW 0.5.0-pre-capture,Procedurally generated,false,,,,,VIS-UI-001_v001,UI icon: svg/VIS-UI-002_UW-UPGRADE-1.0_arrival.svg
VIS-UI-002_UW-UPGRADE-1.0_arrival_24,VIS-UI-002,received,materials/inbox/visual/ui_icons/VIS-UI-002_UW-UPGRADE-1.0_arrival_24.png,,0bccaa35165ee6bd543ac25670ae0c93df6c1b75842886831a8eadb2f0af7d68,WorkBuddy AI Asset Agent,Python PIL,2026-08-07T18:15:00+08:00,Project original - UW 0.5.0-pre-capture,Procedurally generated,false,,,,,VIS-UI-001_v001,UI icon: VIS-UI-002_UW-UPGRADE-1.0_arrival_24.png
VIS-UI-002_UW-UPGRADE-1.0_arrival_48,VIS-UI-002,received,materials/inbox/visual/ui_icons/VIS-UI-002_UW-UPGRADE-1.0_arrival_48.png,,c7186a022cac78d8d9513911576291b50d435a2809e3aeacc0b1cf31e48ff6d9,WorkBuddy AI Asset Agent,Python PIL,2026-08-07T18:15:00+08:00,Project original - UW 0.5.0-pre-capture,Procedurally generated,false,,,,,VIS-UI-001_v001,UI icon: VIS-UI-002_UW-UPGRADE-1.0_arrival_48.png
VIS-UI-002_UW-UPGRADE-1.0_arrival_96,VIS-UI-002,received,materials/inbox/visual/ui_icons/VIS-UI-002_UW-UPGRADE-1.0_arrival_96.png,,8fd991484522a41cfe7d253f90794cb2439229201c7ee8cbadf82211e0a3c4e0,WorkBuddy AI Asset Agent,Python PIL,2026-08-07T18:15:00+08:00,Project original - UW 0.5.0-pre-capture,Procedurally generated,false,,,,,VIS-UI-001_v001,UI icon: VIS-UI-002_UW-UPGRADE-1.0_arrival_96.png
VIS-UI-002_UW-UPGRADE-1.0_arrival_48_hover,VIS-UI-002,received,materials/inbox/visual/ui_icons/VIS-UI-002_UW-UPGRADE-1.0_arrival_48_hover.png,,3d6caa934cc07507d916e37eeb2b3df154482d2aaa5688625a1631e157400ec6,WorkBuddy AI Asset Agent,Python PIL,2026-08-07T18:15:00+08:00,Project original - UW 0.5.0-pre-capture,Procedurally generated,false,,,,,VIS-UI-001_v001,UI icon: VIS-UI-002_UW-UPGRADE-1.0_arrival_48_hover.png
VIS-UI-002_UW-UPGRADE-1.0_arrival_48_selected,VIS-UI-002,received,materials/inbox/visual/ui_icons/VIS-UI-002_UW-UPGRADE-1.0_arrival_48_selected.png,,eca88b0c984e0d01c29156cc08a8cdd2326da23afdee9e41b302cdb58689e7f6,WorkBuddy AI Asset Agent,Python PIL,2026-08-07T18:15:00+08:00,Project original - UW 0.5.0-pre-capture,Procedurally generated,false,,,,,VIS-UI-001_v001,UI icon: VIS-UI-002_UW-UPGRADE-1.0_arrival_48_selected.png
VIS-UI-002_UW-UPGRADE-1.0_arrival_48_disabled,VIS-UI-002,received,materials/inbox/visual/ui_icons/VIS-UI-002_UW-UPGRADE-1.0_arrival_48_disabled.png,,a8f3a2560c2d9a656c14a7d35ff3f4f2037c07e48508552ad004db7793fc6d62,WorkBuddy AI Asset Agent,Python PIL,2026-08-07T18:15:00+08:00,Project original - UW 0.5.0-pre-capture,Procedurally generated,false,,,,,VIS-UI-001_v001,UI icon: VIS-UI-002_UW-UPGRADE-1.0_arrival_48_disabled.png
VIS-UI-002_UW-UPGRADE-1.0_arrival_48_warning,VIS-UI-002,received,materials/inbox/visual/ui_icons/VIS-UI-002_UW-UPGRADE-1.0_arrival_48_warning.png,,dc289381bda4e23567dfdb6684de35143501b75c1b5fb05ff6d891ca59977936,WorkBuddy AI Asset Agent,Python PIL,2026-08-07T18:15:00+08:00,Project original - UW 0.5.0-pre-capture,Procedurally generated,false,,,,,VIS-UI-001_v001,UI icon: VIS-UI-002_UW-UPGRADE-1.0_arrival_48_warning.png
svg_VIS-UI-002_UW-UPGRADE-1.0_interact,VIS-UI-002,received,materials/inbox/visual/ui_icons/svg/VIS-UI-002_UW-UPGRADE-1.0_interact.svg,,0a970ccf3503aa759645994266515451c5106ea42ee00382c4a4cffd596ad89f,WorkBuddy AI Asset Agent,Python PIL,2026-08-07T18:15:00+08:00,Project original - UW 0.5.0-pre-capture,Procedurally generated,false,,,,,VIS-UI-001_v001,UI icon: svg/VIS-UI-002_UW-UPGRADE-1.0_interact.svg
VIS-UI-002_UW-UPGRADE-1.0_interact_24,VIS-UI-002,received,materials/inbox/visual/ui_icons/VIS-UI-002_UW-UPGRADE-1.0_interact_24.png,,673a645c5054bc698000e82c7cb9829c8c00ab534a77ccb86c6fca1ce9290572,WorkBuddy AI Asset Agent,Python PIL,2026-08-07T18:15:00+08:00,Project original - UW 0.5.0-pre-capture,Procedurally generated,false,,,,,VIS-UI-001_v001,UI icon: VIS-UI-002_UW-UPGRADE-1.0_interact_24.png
VIS-UI-002_UW-UPGRADE-1.0_interact_48,VIS-UI-002,received,materials/inbox/visual/ui_icons/VIS-UI-002_UW-UPGRADE-1.0_interact_48.png,,a2a81cea8be9743749fe6027d4f469ba24d0f2981ec43ea8c91f4ea951e8bdf6,WorkBuddy AI Asset Agent,Python PIL,2026-08-07T18:15:00+08:00,Project original - UW 0.5.0-pre-capture,Procedurally generated,false,,,,,VIS-UI-001_v001,UI icon: VIS-UI-002_UW-UPGRADE-1.0_interact_48.png
VIS-UI-002_UW-UPGRADE-1.0_interact_96,VIS-UI-002,received,materials/inbox/visual/ui_icons/VIS-UI-002_UW-UPGRADE-1.0_interact_96.png,,db32b587dbeb08bf84d02bc59c358d1e103777acde6e78752162fcfba9552a24,WorkBuddy AI Asset Agent,Python PIL,2026-08-07T18:15:00+08:00,Project original - UW 0.5.0-pre-capture,Procedurally generated,false,,,,,VIS-UI-001_v001,UI icon: VIS-UI-002_UW-UPGRADE-1.0_interact_96.png
VIS-UI-002_UW-UPGRADE-1.0_interact_48_hover,VIS-UI-002,received,materials/inbox/visual/ui_icons/VIS-UI-002_UW-UPGRADE-1.0_interact_48_hover.png,,e678f678426cfb44c33865a6aa94dbd23eadaf2dcefc9e065e3b5c427c5514e5,WorkBuddy AI Asset Agent,Python PIL,2026-08-07T18:15:00+08:00,Project original - UW 0.5.0-pre-capture,Procedurally generated,false,,,,,VIS-UI-001_v001,UI icon: VIS-UI-002_UW-UPGRADE-1.0_interact_48_hover.png
VIS-UI-002_UW-UPGRADE-1.0_interact_48_selected,VIS-UI-002,received,materials/inbox/visual/ui_icons/VIS-UI-002_UW-UPGRADE-1.0_interact_48_selected.png,,4489927579eaa44e1303efc8437d5fe6aa884b4e75b9d26e8dab6d7a4aa78a08,WorkBuddy AI Asset Agent,Python PIL,2026-08-07T18:15:00+08:00,Project original - UW 0.5.0-pre-capture,Procedurally generated,false,,,,,VIS-UI-001_v001,UI icon: VIS-UI-002_UW-UPGRADE-1.0_interact_48_selected.png
VIS-UI-002_UW-UPGRADE-1.0_interact_48_disabled,VIS-UI-002,received,materials/inbox/visual/ui_icons/VIS-UI-002_UW-UPGRADE-1.0_interact_48_disabled.png,,a8f3a2560c2d9a656c14a7d35ff3f4f2037c07e48508552ad004db7793fc6d62,WorkBuddy AI Asset Agent,Python PIL,2026-08-07T18:15:00+08:00,Project original - UW 0.5.0-pre-capture,Procedurally generated,false,,,,,VIS-UI-001_v001,UI icon: VIS-UI-002_UW-UPGRADE-1.0_interact_48_disabled.png
VIS-UI-002_UW-UPGRADE-1.0_interact_48_warning,VIS-UI-002,received,materials/inbox/visual/ui_icons/VIS-UI-002_UW-UPGRADE-1.0_interact_48_warning.png,,8a5b90d55312b97db0834f03df87b90e3a0087c1ced4002847ce13911d0694e9,WorkBuddy AI Asset Agent,Python PIL,2026-08-07T18:15:00+08:00,Project original - UW 0.5.0-pre-capture,Procedurally generated,false,,,,,VIS-UI-001_v001,UI icon: VIS-UI-002_UW-UPGRADE-1.0_interact_48_warning.png
svg_VIS-UI-002_UW-UPGRADE-1.0_back,VIS-UI-002,received,materials/inbox/visual/ui_icons/svg/VIS-UI-002_UW-UPGRADE-1.0_back.svg,,2f7007a3ebf260c347cd50b6f860d3bc026fb11d4f6a9d9e3404faa33b503201,WorkBuddy AI Asset Agent,Python PIL,2026-08-07T18:15:00+08:00,Project original - UW 0.5.0-pre-capture,Procedurally generated,false,,,,,VIS-UI-001_v001,UI icon: svg/VIS-UI-002_UW-UPGRADE-1.0_back.svg
VIS-UI-002_UW-UPGRADE-1.0_back_24,VIS-UI-002,received,materials/inbox/visual/ui_icons/VIS-UI-002_UW-UPGRADE-1.0_back_24.png,,140eff9431c8e51b3df901b1388b894095c3a3e94ba18211e1d6a0ce4bb60059,WorkBuddy AI Asset Agent,Python PIL,2026-08-07T18:15:00+08:00,Project original - UW 0.5.0-pre-capture,Procedurally generated,false,,,,,VIS-UI-001_v001,UI icon: VIS-UI-002_UW-UPGRADE-1.0_back_24.png
VIS-UI-002_UW-UPGRADE-1.0_back_48,VIS-UI-002,received,materials/inbox/visual/ui_icons/VIS-UI-002_UW-UPGRADE-1.0_back_48.png,,bd3bc7c85dbf20e809322629db57ead24ab1670a36d21136b13ec28527ebd26f,WorkBuddy AI Asset Agent,Python PIL,2026-08-07T18:15:00+08:00,Project original - UW 0.5.0-pre-capture,Procedurally generated,false,,,,,VIS-UI-001_v001,UI icon: VIS-UI-002_UW-UPGRADE-1.0_back_48.png
VIS-UI-002_UW-UPGRADE-1.0_back_96,VIS-UI-002,received,materials/inbox/visual/ui_icons/VIS-UI-002_UW-UPGRADE-1.0_back_96.png,,29aa4e8b7c5d59abe2e7b69db9350c8d3e0c2b62ce190f75a2ff113b4113c6cf,WorkBuddy AI Asset Agent,Python PIL,2026-08-07T18:15:00+08:00,Project original - UW 0.5.0-pre-capture,Procedurally generated,false,,,,,VIS-UI-001_v001,UI icon: VIS-UI-002_UW-UPGRADE-1.0_back_96.png
VIS-UI-002_UW-UPGRADE-1.0_back_48_hover,VIS-UI-002,received,materials/inbox/visual/ui_icons/VIS-UI-002_UW-UPGRADE-1.0_back_48_hover.png,,6bff9c85dd92dcb78dc4ab40e9a4d263e3b23f10853b78c7df910833b9ec7bd8,WorkBuddy AI Asset Agent,Python PIL,2026-08-07T18:15:00+08:00,Project original - UW 0.5.0-pre-capture,Procedurally generated,false,,,,,VIS-UI-001_v001,UI icon: VIS-UI-002_UW-UPGRADE-1.0_back_48_hover.png
VIS-UI-002_UW-UPGRADE-1.0_back_48_selected,VIS-UI-002,received,materials/inbox/visual/ui_icons/VIS-UI-002_UW-UPGRADE-1.0_back_48_selected.png,,8013fac2658d1f165df8cf73f3e71bbd97c43f70c3d681c4619b8070291cac7a,WorkBuddy AI Asset Agent,Python PIL,2026-08-07T18:15:00+08:00,Project original - UW 0.5.0-pre-capture,Procedurally generated,false,,,,,VIS-UI-001_v001,UI icon: VIS-UI-002_UW-UPGRADE-1.0_back_48_selected.png
VIS-UI-002_UW-UPGRADE-1.0_back_48_disabled,VIS-UI-002,received,materials/inbox/visual/ui_icons/VIS-UI-002_UW-UPGRADE-1.0_back_48_disabled.png,,a8f3a2560c2d9a656c14a7d35ff3f4f2037c07e48508552ad004db7793fc6d62,WorkBuddy AI Asset Agent,Python PIL,2026-08-07T18:15:00+08:00,Project original - UW 0.5.0-pre-capture,Procedurally generated,false,,,,,VIS-UI-001_v001,UI icon: VIS-UI-002_UW-UPGRADE-1.0_back_48_disabled.png
VIS-UI-002_UW-UPGRADE-1.0_back_48_warning,VIS-UI-002,received,materials/inbox/visual/ui_icons/VIS-UI-002_UW-UPGRADE-1.0_back_48_warning.png,,77f382d6a40e24a604709dbca3910fa50b6a2b6cfa87e0c7a0c833b0dc4e3195,WorkBuddy AI Asset Agent,Python PIL,2026-08-07T18:15:00+08:00,Project original - UW 0.5.0-pre-capture,Procedurally generated,false,,,,,VIS-UI-001_v001,UI icon: VIS-UI-002_UW-UPGRADE-1.0_back_48_warning.png
svg_VIS-UI-002_UW-UPGRADE-1.0_time,VIS-UI-002,received,materials/inbox/visual/ui_icons/svg/VIS-UI-002_UW-UPGRADE-1.0_time.svg,,086a7a7d39b00e85248013a7ff1651c2139678a5714746ed6b14a23afbfcf53c,WorkBuddy AI Asset Agent,Python PIL,2026-08-07T18:15:00+08:00,Project original - UW 0.5.0-pre-capture,Procedurally generated,false,,,,,VIS-UI-001_v001,UI icon: svg/VIS-UI-002_UW-UPGRADE-1.0_time.svg
VIS-UI-002_UW-UPGRADE-1.0_time_24,VIS-UI-002,received,materials/inbox/visual/ui_icons/VIS-UI-002_UW-UPGRADE-1.0_time_24.png,,140eff9431c8e51b3df901b1388b894095c3a3e94ba18211e1d6a0ce4bb60059,WorkBuddy AI Asset Agent,Python PIL,2026-08-07T18:15:00+08:00,Project original - UW 0.5.0-pre-capture,Procedurally generated,false,,,,,VIS-UI-001_v001,UI icon: VIS-UI-002_UW-UPGRADE-1.0_time_24.png
VIS-UI-002_UW-UPGRADE-1.0_time_48,VIS-UI-002,received,materials/inbox/visual/ui_icons/VIS-UI-002_UW-UPGRADE-1.0_time_48.png,,bd3bc7c85dbf20e809322629db57ead24ab1670a36d21136b13ec28527ebd26f,WorkBuddy AI Asset Agent,Python PIL,2026-08-07T18:15:00+08:00,Project original - UW 0.5.0-pre-capture,Procedurally generated,false,,,,,VIS-UI-001_v001,UI icon: VIS-UI-002_UW-UPGRADE-1.0_time_48.png
VIS-UI-002_UW-UPGRADE-1.0_time_96,VIS-UI-002,received,materials/inbox/visual/ui_icons/VIS-UI-002_UW-UPGRADE-1.0_time_96.png,,29aa4e8b7c5d59abe2e7b69db9350c8d3e0c2b62ce190f75a2ff113b4113c6cf,WorkBuddy AI Asset Agent,Python PIL,2026-08-07T18:15:00+08:00,Project original - UW 0.5.0-pre-capture,Procedurally generated,false,,,,,VIS-UI-001_v001,UI icon: VIS-UI-002_UW-UPGRADE-1.0_time_96.png
VIS-UI-002_UW-UPGRADE-1.0_time_48_hover,VIS-UI-002,received,materials/inbox/visual/ui_icons/VIS-UI-002_UW-UPGRADE-1.0_time_48_hover.png,,6bff9c85dd92dcb78dc4ab40e9a4d263e3b23f10853b78c7df910833b9ec7bd8,WorkBuddy AI Asset Agent,Python PIL,2026-08-07T18:15:00+08:00,Project original - UW 0.5.0-pre-capture,Procedurally generated,false,,,,,VIS-UI-001_v001,UI icon: VIS-UI-002_UW-UPGRADE-1.0_time_48_hover.png
VIS-UI-002_UW-UPGRADE-1.0_time_48_selected,VIS-UI-002,received,materials/inbox/visual/ui_icons/VIS-UI-002_UW-UPGRADE-1.0_time_48_selected.png,,8013fac2658d1f165df8cf73f3e71bbd97c43f70c3d681c4619b8070291cac7a,WorkBuddy AI Asset Agent,Python PIL,2026-08-07T18:15:00+08:00,Project original - UW 0.5.0-pre-capture,Procedurally generated,false,,,,,VIS-UI-001_v001,UI icon: VIS-UI-002_UW-UPGRADE-1.0_time_48_selected.png
VIS-UI-002_UW-UPGRADE-1.0_time_48_disabled,VIS-UI-002,received,materials/inbox/visual/ui_icons/VIS-UI-002_UW-UPGRADE-1.0_time_48_disabled.png,,a8f3a2560c2d9a656c14a7d35ff3f4f2037c07e48508552ad004db7793fc6d62,WorkBuddy AI Asset Agent,Python PIL,2026-08-07T18:15:00+08:00,Project original - UW 0.5.0-pre-capture,Procedurally generated,false,,,,,VIS-UI-001_v001,UI icon: VIS-UI-002_UW-UPGRADE-1.0_time_48_disabled.png
VIS-UI-002_UW-UPGRADE-1.0_time_48_warning,VIS-UI-002,received,materials/inbox/visual/ui_icons/VIS-UI-002_UW-UPGRADE-1.0_time_48_warning.png,,77f382d6a40e24a604709dbca3910fa50b6a2b6cfa87e0c7a0c833b0dc4e3195,WorkBuddy AI Asset Agent,Python PIL,2026-08-07T18:15:00+08:00,Project original - UW 0.5.0-pre-capture,Procedurally generated,false,,,,,VIS-UI-001_v001,UI icon: VIS-UI-002_UW-UPGRADE-1.0_time_48_warning.png
svg_VIS-UI-002_UW-UPGRADE-1.0_stamina,VIS-UI-002,received,materials/inbox/visual/ui_icons/svg/VIS-UI-002_UW-UPGRADE-1.0_stamina.svg,,109343e65721695aeecbf4a1da73fe4b236bdfcba935c810fa06d41e32b8cadd,WorkBuddy AI Asset Agent,Python PIL,2026-08-07T18:15:00+08:00,Project original - UW 0.5.0-pre-capture,Procedurally generated,false,,,,,VIS-UI-001_v001,UI icon: svg/VIS-UI-002_UW-UPGRADE-1.0_stamina.svg
VIS-UI-002_UW-UPGRADE-1.0_stamina_24,VIS-UI-002,received,materials/inbox/visual/ui_icons/VIS-UI-002_UW-UPGRADE-1.0_stamina_24.png,,0f0b327d591db5bea0c98fc034c9f6635213c76af2590b66c2b523ce3c983171,WorkBuddy AI Asset Agent,Python PIL,2026-08-07T18:15:00+08:00,Project original - UW 0.5.0-pre-capture,Procedurally generated,false,,,,,VIS-UI-001_v001,UI icon: VIS-UI-002_UW-UPGRADE-1.0_stamina_24.png
VIS-UI-002_UW-UPGRADE-1.0_stamina_48,VIS-UI-002,received,materials/inbox/visual/ui_icons/VIS-UI-002_UW-UPGRADE-1.0_stamina_48.png,,df0a15fb732acf0bc03c57079239e322043734e0477aedf089b9cfd78818da71,WorkBuddy AI Asset Agent,Python PIL,2026-08-07T18:15:00+08:00,Project original - UW 0.5.0-pre-capture,Procedurally generated,false,,,,,VIS-UI-001_v001,UI icon: VIS-UI-002_UW-UPGRADE-1.0_stamina_48.png
VIS-UI-002_UW-UPGRADE-1.0_stamina_96,VIS-UI-002,received,materials/inbox/visual/ui_icons/VIS-UI-002_UW-UPGRADE-1.0_stamina_96.png,,76d4d61fecbd9aac5190a9009b21014bf711f1920c02f772ef0b8b48bbfa8340,WorkBuddy AI Asset Agent,Python PIL,2026-08-07T18:15:00+08:00,Project original - UW 0.5.0-pre-capture,Procedurally generated,false,,,,,VIS-UI-001_v001,UI icon: VIS-UI-002_UW-UPGRADE-1.0_stamina_96.png
VIS-UI-002_UW-UPGRADE-1.0_stamina_48_hover,VIS-UI-002,received,materials/inbox/visual/ui_icons/VIS-UI-002_UW-UPGRADE-1.0_stamina_48_hover.png,,cd7ab6c11ad699ee0028b2f549227a2cffa3f40c98ce8b896917dd7919bb2e2d,WorkBuddy AI Asset Agent,Python PIL,2026-08-07T18:15:00+08:00,Project original - UW 0.5.0-pre-capture,Procedurally generated,false,,,,,VIS-UI-001_v001,UI icon: VIS-UI-002_UW-UPGRADE-1.0_stamina_48_hover.png
VIS-UI-002_UW-UPGRADE-1.0_stamina_48_selected,VIS-UI-002,received,materials/inbox/visual/ui_icons/VIS-UI-002_UW-UPGRADE-1.0_stamina_48_selected.png,,f6003cc24badddbdff98630b2ab74190755f2be55aff655f617fa032876e6ddf,WorkBuddy AI Asset Agent,Python PIL,2026-08-07T18:15:00+08:00,Project original - UW 0.5.0-pre-capture,Procedurally generated,false,,,,,VIS-UI-001_v001,UI icon: VIS-UI-002_UW-UPGRADE-1.0_stamina_48_selected.png
VIS-UI-002_UW-UPGRADE-1.0_stamina_48_disabled,VIS-UI-002,received,materials/inbox/visual/ui_icons/VIS-UI-002_UW-UPGRADE-1.0_stamina_48_disabled.png,,a8f3a2560c2d9a656c14a7d35ff3f4f2037c07e48508552ad004db7793fc6d62,WorkBuddy AI Asset Agent,Python PIL,2026-08-07T18:15:00+08:00,Project original - UW 0.5.0-pre-capture,Procedurally generated,false,,,,,VIS-UI-001_v001,UI icon: VIS-UI-002_UW-UPGRADE-1.0_stamina_48_disabled.png
VIS-UI-002_UW-UPGRADE-1.0_stamina_48_warning,VIS-UI-002,received,materials/inbox/visual/ui_icons/VIS-UI-002_UW-UPGRADE-1.0_stamina_48_warning.png,,493dea2aa9f9521809e1fc203c4cd282c35f19479c5b81fbc20cbbcaea279921,WorkBuddy AI Asset Agent,Python PIL,2026-08-07T18:15:00+08:00,Project original - UW 0.5.0-pre-capture,Procedurally generated,false,,,,,VIS-UI-001_v001,UI icon: VIS-UI-002_UW-UPGRADE-1.0_stamina_48_warning.png
svg_VIS-UI-002_UW-UPGRADE-1.0_sacred_power,VIS-UI-002,received,materials/inbox/visual/ui_icons/svg/VIS-UI-002_UW-UPGRADE-1.0_sacred_power.svg,,21da1ebe8f63b0b8e2e7ea495f7519a399cb3d9649157d566e862a7ce1136b0f,WorkBuddy AI Asset Agent,Python PIL,2026-08-07T18:15:00+08:00,Project original - UW 0.5.0-pre-capture,Procedurally generated,false,,,,,VIS-UI-001_v001,UI icon: svg/VIS-UI-002_UW-UPGRADE-1.0_sacred_power.svg
VIS-UI-002_UW-UPGRADE-1.0_sacred_power_24,VIS-UI-002,received,materials/inbox/visual/ui_icons/VIS-UI-002_UW-UPGRADE-1.0_sacred_power_24.png,,9dfeba6481e3b28e7b44a9493b059153ca849d708ff7f61a115c7e35b415fed9,WorkBuddy AI Asset Agent,Python PIL,2026-08-07T18:15:00+08:00,Project original - UW 0.5.0-pre-capture,Procedurally generated,false,,,,,VIS-UI-001_v001,UI icon: VIS-UI-002_UW-UPGRADE-1.0_sacred_power_24.png
VIS-UI-002_UW-UPGRADE-1.0_sacred_power_48,VIS-UI-002,received,materials/inbox/visual/ui_icons/VIS-UI-002_UW-UPGRADE-1.0_sacred_power_48.png,,426d4fe34b47515cabdb7f2f1e54a38066dd4c10df0f12bfbf4422fe62782511,WorkBuddy AI Asset Agent,Python PIL,2026-08-07T18:15:00+08:00,Project original - UW 0.5.0-pre-capture,Procedurally generated,false,,,,,VIS-UI-001_v001,UI icon: VIS-UI-002_UW-UPGRADE-1.0_sacred_power_48.png
VIS-UI-002_UW-UPGRADE-1.0_sacred_power_96,VIS-UI-002,received,materials/inbox/visual/ui_icons/VIS-UI-002_UW-UPGRADE-1.0_sacred_power_96.png,,3c87f8356db7276b65ed51fd39553e76c48d4c16ff19b27e42251d58e93b2c69,WorkBuddy AI Asset Agent,Python PIL,2026-08-07T18:15:00+08:00,Project original - UW 0.5.0-pre-capture,Procedurally generated,false,,,,,VIS-UI-001_v001,UI icon: VIS-UI-002_UW-UPGRADE-1.0_sacred_power_96.png
VIS-UI-002_UW-UPGRADE-1.0_sacred_power_48_hover,VIS-UI-002,received,materials/inbox/visual/ui_icons/VIS-UI-002_UW-UPGRADE-1.0_sacred_power_48_hover.png,,97f7515763a4b67233cdf865b0461cc9e82cf1189f1cd589aee349779db9b650,WorkBuddy AI Asset Agent,Python PIL,2026-08-07T18:15:00+08:00,Project original - UW 0.5.0-pre-capture,Procedurally generated,false,,,,,VIS-UI-001_v001,UI icon: VIS-UI-002_UW-UPGRADE-1.0_sacred_power_48_hover.png
VIS-UI-002_UW-UPGRADE-1.0_sacred_power_48_selected,VIS-UI-002,received,materials/inbox/visual/ui_icons/VIS-UI-002_UW-UPGRADE-1.0_sacred_power_48_selected.png,,1cada43f9c8679a07a0346334e68c1d13d4c121abdd5a19ee3a4e876473e88f9,WorkBuddy AI Asset Agent,Python PIL,2026-08-07T18:15:00+08:00,Project original - UW 0.5.0-pre-capture,Procedurally generated,false,,,,,VIS-UI-001_v001,UI icon: VIS-UI-002_UW-UPGRADE-1.0_sacred_power_48_selected.png
VIS-UI-002_UW-UPGRADE-1.0_sacred_power_48_disabled,VIS-UI-002,received,materials/inbox/visual/ui_icons/VIS-UI-002_UW-UPGRADE-1.0_sacred_power_48_disabled.png,,a8f3a2560c2d9a656c14a7d35ff3f4f2037c07e48508552ad004db7793fc6d62,WorkBuddy AI Asset Agent,Python PIL,2026-08-07T18:15:00+08:00,Project original - UW 0.5.0-pre-capture,Procedurally generated,false,,,,,VIS-UI-001_v001,UI icon: VIS-UI-002_UW-UPGRADE-1.0_sacred_power_48_disabled.png
VIS-UI-002_UW-UPGRADE-1.0_sacred_power_48_warning,VIS-UI-002,received,materials/inbox/visual/ui_icons/VIS-UI-002_UW-UPGRADE-1.0_sacred_power_48_warning.png,,5b39283983af1b6176a8483b7ffb67c693796b94cef0d7c3ae4dbd16eeea21e4,WorkBuddy AI Asset Agent,Python PIL,2026-08-07T18:15:00+08:00,Project original - UW 0.5.0-pre-capture,Procedurally generated,false,,,,,VIS-UI-001_v001,UI icon: VIS-UI-002_UW-UPGRADE-1.0_sacred_power_48_warning.png
svg_VIS-UI-002_UW-UPGRADE-1.0_health,VIS-UI-002,received,materials/inbox/visual/ui_icons/svg/VIS-UI-002_UW-UPGRADE-1.0_health.svg,,7a5cc12a1e0c92531d0cb565f4620028957ad2a50953399aa72b00a8e5bd6ea9,WorkBuddy AI Asset Agent,Python PIL,2026-08-07T18:15:00+08:00,Project original - UW 0.5.0-pre-capture,Procedurally generated,false,,,,,VIS-UI-001_v001,UI icon: svg/VIS-UI-002_UW-UPGRADE-1.0_health.svg
VIS-UI-002_UW-UPGRADE-1.0_health_24,VIS-UI-002,received,materials/inbox/visual/ui_icons/VIS-UI-002_UW-UPGRADE-1.0_health_24.png,,8b7d9218c253fb22c18bbfdea6c04bd75cad5f630a12bd5951bd66b39adae564,WorkBuddy AI Asset Agent,Python PIL,2026-08-07T18:15:00+08:00,Project original - UW 0.5.0-pre-capture,Procedurally generated,false,,,,,VIS-UI-001_v001,UI icon: VIS-UI-002_UW-UPGRADE-1.0_health_24.png
VIS-UI-002_UW-UPGRADE-1.0_health_48,VIS-UI-002,received,materials/inbox/visual/ui_icons/VIS-UI-002_UW-UPGRADE-1.0_health_48.png,,8024f0fce533d106296e678c718e7fd1eae50bb43508c37d0df8c83d6325c660,WorkBuddy AI Asset Agent,Python PIL,2026-08-07T18:15:00+08:00,Project original - UW 0.5.0-pre-capture,Procedurally generated,false,,,,,VIS-UI-001_v001,UI icon: VIS-UI-002_UW-UPGRADE-1.0_health_48.png
VIS-UI-002_UW-UPGRADE-1.0_health_96,VIS-UI-002,received,materials/inbox/visual/ui_icons/VIS-UI-002_UW-UPGRADE-1.0_health_96.png,,c0af416afadac48ab16cda0a3747039c05b79be7269b749da36dfa71f40d8a42,WorkBuddy AI Asset Agent,Python PIL,2026-08-07T18:15:00+08:00,Project original - UW 0.5.0-pre-capture,Procedurally generated,false,,,,,VIS-UI-001_v001,UI icon: VIS-UI-002_UW-UPGRADE-1.0_health_96.png
VIS-UI-002_UW-UPGRADE-1.0_health_48_hover,VIS-UI-002,received,materials/inbox/visual/ui_icons/VIS-UI-002_UW-UPGRADE-1.0_health_48_hover.png,,804067efc6bdfe7e5cf35e06e66c447e44b5edc9453a694a8846010432be7051,WorkBuddy AI Asset Agent,Python PIL,2026-08-07T18:15:00+08:00,Project original - UW 0.5.0-pre-capture,Procedurally generated,false,,,,,VIS-UI-001_v001,UI icon: VIS-UI-002_UW-UPGRADE-1.0_health_48_hover.png
VIS-UI-002_UW-UPGRADE-1.0_health_48_selected,VIS-UI-002,received,materials/inbox/visual/ui_icons/VIS-UI-002_UW-UPGRADE-1.0_health_48_selected.png,,5b69170910aa8b122061b19d861155295dbc3a5be6699598c62a9693db76eb04,WorkBuddy AI Asset Agent,Python PIL,2026-08-07T18:15:00+08:00,Project original - UW 0.5.0-pre-capture,Procedurally generated,false,,,,,VIS-UI-001_v001,UI icon: VIS-UI-002_UW-UPGRADE-1.0_health_48_selected.png
VIS-UI-002_UW-UPGRADE-1.0_health_48_disabled,VIS-UI-002,received,materials/inbox/visual/ui_icons/VIS-UI-002_UW-UPGRADE-1.0_health_48_disabled.png,,a8f3a2560c2d9a656c14a7d35ff3f4f2037c07e48508552ad004db7793fc6d62,WorkBuddy AI Asset Agent,Python PIL,2026-08-07T18:15:00+08:00,Project original - UW 0.5.0-pre-capture,Procedurally generated,false,,,,,VIS-UI-001_v001,UI icon: VIS-UI-002_UW-UPGRADE-1.0_health_48_disabled.png
VIS-UI-002_UW-UPGRADE-1.0_health_48_warning,VIS-UI-002,received,materials/inbox/visual/ui_icons/VIS-UI-002_UW-UPGRADE-1.0_health_48_warning.png,,5ab162b5eebc24b46a850c1f936fdedf134060b3ae3001842e0806aac60e12ba,WorkBuddy AI Asset Agent,Python PIL,2026-08-07T18:15:00+08:00,Project original - UW 0.5.0-pre-capture,Procedurally generated,false,,,,,VIS-UI-001_v001,UI icon: VIS-UI-002_UW-UPGRADE-1.0_health_48_warning.png
svg_VIS-UI-002_UW-UPGRADE-1.0_recovery,VIS-UI-002,received,materials/inbox/visual/ui_icons/svg/VIS-UI-002_UW-UPGRADE-1.0_recovery.svg,,1af8f2040c0c5259f1547699a596401bc0d691ba018624bf8e3dbc46304ee2fb,WorkBuddy AI Asset Agent,Python PIL,2026-08-07T18:15:00+08:00,Project original - UW 0.5.0-pre-capture,Procedurally generated,false,,,,,VIS-UI-001_v001,UI icon: svg/VIS-UI-002_UW-UPGRADE-1.0_recovery.svg
VIS-UI-002_UW-UPGRADE-1.0_recovery_24,VIS-UI-002,received,materials/inbox/visual/ui_icons/VIS-UI-002_UW-UPGRADE-1.0_recovery_24.png,,0f0b327d591db5bea0c98fc034c9f6635213c76af2590b66c2b523ce3c983171,WorkBuddy AI Asset Agent,Python PIL,2026-08-07T18:15:00+08:00,Project original - UW 0.5.0-pre-capture,Procedurally generated,false,,,,,VIS-UI-001_v001,UI icon: VIS-UI-002_UW-UPGRADE-1.0_recovery_24.png
VIS-UI-002_UW-UPGRADE-1.0_recovery_48,VIS-UI-002,received,materials/inbox/visual/ui_icons/VIS-UI-002_UW-UPGRADE-1.0_recovery_48.png,,df0a15fb732acf0bc03c57079239e322043734e0477aedf089b9cfd78818da71,WorkBuddy AI Asset Agent,Python PIL,2026-08-07T18:15:00+08:00,Project original - UW 0.5.0-pre-capture,Procedurally generated,false,,,,,VIS-UI-001_v001,UI icon: VIS-UI-002_UW-UPGRADE-1.0_recovery_48.png
VIS-UI-002_UW-UPGRADE-1.0_recovery_96,VIS-UI-002,received,materials/inbox/visual/ui_icons/VIS-UI-002_UW-UPGRADE-1.0_recovery_96.png,,76d4d61fecbd9aac5190a9009b21014bf711f1920c02f772ef0b8b48bbfa8340,WorkBuddy AI Asset Agent,Python PIL,2026-08-07T18:15:00+08:00,Project original - UW 0.5.0-pre-capture,Procedurally generated,false,,,,,VIS-UI-001_v001,UI icon: VIS-UI-002_UW-UPGRADE-1.0_recovery_96.png
VIS-UI-002_UW-UPGRADE-1.0_recovery_48_hover,VIS-UI-002,received,materials/inbox/visual/ui_icons/VIS-UI-002_UW-UPGRADE-1.0_recovery_48_hover.png,,cd7ab6c11ad699ee0028b2f549227a2cffa3f40c98ce8b896917dd7919bb2e2d,WorkBuddy AI Asset Agent,Python PIL,2026-08-07T18:15:00+08:00,Project original - UW 0.5.0-pre-capture,Procedurally generated,false,,,,,VIS-UI-001_v001,UI icon: VIS-UI-002_UW-UPGRADE-1.0_recovery_48_hover.png
VIS-UI-002_UW-UPGRADE-1.0_recovery_48_selected,VIS-UI-002,received,materials/inbox/visual/ui_icons/VIS-UI-002_UW-UPGRADE-1.0_recovery_48_selected.png,,f6003cc24badddbdff98630b2ab74190755f2be55aff655f617fa032876e6ddf,WorkBuddy AI Asset Agent,Python PIL,2026-08-07T18:15:00+08:00,Project original - UW 0.5.0-pre-capture,Procedurally generated,false,,,,,VIS-UI-001_v001,UI icon: VIS-UI-002_UW-UPGRADE-1.0_recovery_48_selected.png
VIS-UI-002_UW-UPGRADE-1.0_recovery_48_disabled,VIS-UI-002,received,materials/inbox/visual/ui_icons/VIS-UI-002_UW-UPGRADE-1.0_recovery_48_disabled.png,,a8f3a2560c2d9a656c14a7d35ff3f4f2037c07e48508552ad004db7793fc6d62,WorkBuddy AI Asset Agent,Python PIL,2026-08-07T18:15:00+08:00,Project original - UW 0.5.0-pre-capture,Procedurally generated,false,,,,,VIS-UI-001_v001,UI icon: VIS-UI-002_UW-UPGRADE-1.0_recovery_48_disabled.png
VIS-UI-002_UW-UPGRADE-1.0_recovery_48_warning,VIS-UI-002,received,materials/inbox/visual/ui_icons/VIS-UI-002_UW-UPGRADE-1.0_recovery_48_warning.png,,493dea2aa9f9521809e1fc203c4cd282c35f19479c5b81fbc20cbbcaea279921,WorkBuddy AI Asset Agent,Python PIL,2026-08-07T18:15:00+08:00,Project original - UW 0.5.0-pre-capture,Procedurally generated,false,,,,,VIS-UI-001_v001,UI icon: VIS-UI-002_UW-UPGRADE-1.0_recovery_48_warning.png
svg_VIS-UI-002_UW-UPGRADE-1.0_clue,VIS-UI-002,received,materials/inbox/visual/ui_icons/svg/VIS-UI-002_UW-UPGRADE-1.0_clue.svg,,f98180a7ab9b8f8b9b51cc8adc8a973e932e991a240aa86f7ff0a54758a005ae,WorkBuddy AI Asset Agent,Python PIL,2026-08-07T18:15:00+08:00,Project original - UW 0.5.0-pre-capture,Procedurally generated,false,,,,,VIS-UI-001_v001,UI icon: svg/VIS-UI-002_UW-UPGRADE-1.0_clue.svg
VIS-UI-002_UW-UPGRADE-1.0_clue_24,VIS-UI-002,received,materials/inbox/visual/ui_icons/VIS-UI-002_UW-UPGRADE-1.0_clue_24.png,,673a645c5054bc698000e82c7cb9829c8c00ab534a77ccb86c6fca1ce9290572,WorkBuddy AI Asset Agent,Python PIL,2026-08-07T18:15:00+08:00,Project original - UW 0.5.0-pre-capture,Procedurally generated,false,,,,,VIS-UI-001_v001,UI icon: VIS-UI-002_UW-UPGRADE-1.0_clue_24.png
VIS-UI-002_UW-UPGRADE-1.0_clue_48,VIS-UI-002,received,materials/inbox/visual/ui_icons/VIS-UI-002_UW-UPGRADE-1.0_clue_48.png,,a2a81cea8be9743749fe6027d4f469ba24d0f2981ec43ea8c91f4ea951e8bdf6,WorkBuddy AI Asset Agent,Python PIL,2026-08-07T18:15:00+08:00,Project original - UW 0.5.0-pre-capture,Procedurally generated,false,,,,,VIS-UI-001_v001,UI icon: VIS-UI-002_UW-UPGRADE-1.0_clue_48.png
VIS-UI-002_UW-UPGRADE-1.0_clue_96,VIS-UI-002,received,materials/inbox/visual/ui_icons/VIS-UI-002_UW-UPGRADE-1.0_clue_96.png,,db32b587dbeb08bf84d02bc59c358d1e103777acde6e78752162fcfba9552a24,WorkBuddy AI Asset Agent,Python PIL,2026-08-07T18:15:00+08:00,Project original - UW 0.5.0-pre-capture,Procedurally generated,false,,,,,VIS-UI-001_v001,UI icon: VIS-UI-002_UW-UPGRADE-1.0_clue_96.png
VIS-UI-002_UW-UPGRADE-1.0_clue_48_hover,VIS-UI-002,received,materials/inbox/visual/ui_icons/VIS-UI-002_UW-UPGRADE-1.0_clue_48_hover.png,,e678f678426cfb44c33865a6aa94dbd23eadaf2dcefc9e065e3b5c427c5514e5,WorkBuddy AI Asset Agent,Python PIL,2026-08-07T18:15:00+08:00,Project original - UW 0.5.0-pre-capture,Procedurally generated,false,,,,,VIS-UI-001_v001,UI icon: VIS-UI-002_UW-UPGRADE-1.0_clue_48_hover.png
VIS-UI-002_UW-UPGRADE-1.0_clue_48_selected,VIS-UI-002,received,materials/inbox/visual/ui_icons/VIS-UI-002_UW-UPGRADE-1.0_clue_48_selected.png,,4489927579eaa44e1303efc8437d5fe6aa884b4e75b9d26e8dab6d7a4aa78a08,WorkBuddy AI Asset Agent,Python PIL,2026-08-07T18:15:00+08:00,Project original - UW 0.5.0-pre-capture,Procedurally generated,false,,,,,VIS-UI-001_v001,UI icon: VIS-UI-002_UW-UPGRADE-1.0_clue_48_selected.png
VIS-UI-002_UW-UPGRADE-1.0_clue_48_disabled,VIS-UI-002,received,materials/inbox/visual/ui_icons/VIS-UI-002_UW-UPGRADE-1.0_clue_48_disabled.png,,a8f3a2560c2d9a656c14a7d35ff3f4f2037c07e48508552ad004db7793fc6d62,WorkBuddy AI Asset Agent,Python PIL,2026-08-07T18:15:00+08:00,Project original - UW 0.5.0-pre-capture,Procedurally generated,false,,,,,VIS-UI-001_v001,UI icon: VIS-UI-002_UW-UPGRADE-1.0_clue_48_disabled.png
VIS-UI-002_UW-UPGRADE-1.0_clue_48_warning,VIS-UI-002,received,materials/inbox/visual/ui_icons/VIS-UI-002_UW-UPGRADE-1.0_clue_48_warning.png,,8a5b90d55312b97db0834f03df87b90e3a0087c1ced4002847ce13911d0694e9,WorkBuddy AI Asset Agent,Python PIL,2026-08-07T18:15:00+08:00,Project original - UW 0.5.0-pre-capture,Procedurally generated,false,,,,,VIS-UI-001_v001,UI icon: VIS-UI-002_UW-UPGRADE-1.0_clue_48_warning.png
svg_VIS-UI-002_UW-UPGRADE-1.0_record,VIS-UI-002,received,materials/inbox/visual/ui_icons/svg/VIS-UI-002_UW-UPGRADE-1.0_record.svg,,dbb834bf963cefc528fe2b531fc66f6be0fcaf6cbcafb849c13e983415a10cb9,WorkBuddy AI Asset Agent,Python PIL,2026-08-07T18:15:00+08:00,Project original - UW 0.5.0-pre-capture,Procedurally generated,false,,,,,VIS-UI-001_v001,UI icon: svg/VIS-UI-002_UW-UPGRADE-1.0_record.svg
VIS-UI-002_UW-UPGRADE-1.0_record_24,VIS-UI-002,received,materials/inbox/visual/ui_icons/VIS-UI-002_UW-UPGRADE-1.0_record_24.png,,140eff9431c8e51b3df901b1388b894095c3a3e94ba18211e1d6a0ce4bb60059,WorkBuddy AI Asset Agent,Python PIL,2026-08-07T18:15:00+08:00,Project original - UW 0.5.0-pre-capture,Procedurally generated,false,,,,,VIS-UI-001_v001,UI icon: VIS-UI-002_UW-UPGRADE-1.0_record_24.png
VIS-UI-002_UW-UPGRADE-1.0_record_48,VIS-UI-002,received,materials/inbox/visual/ui_icons/VIS-UI-002_UW-UPGRADE-1.0_record_48.png,,bd3bc7c85dbf20e809322629db57ead24ab1670a36d21136b13ec28527ebd26f,WorkBuddy AI Asset Agent,Python PIL,2026-08-07T18:15:00+08:00,Project original - UW 0.5.0-pre-capture,Procedurally generated,false,,,,,VIS-UI-001_v001,UI icon: VIS-UI-002_UW-UPGRADE-1.0_record_48.png
VIS-UI-002_UW-UPGRADE-1.0_record_96,VIS-UI-002,received,materials/inbox/visual/ui_icons/VIS-UI-002_UW-UPGRADE-1.0_record_96.png,,29aa4e8b7c5d59abe2e7b69db9350c8d3e0c2b62ce190f75a2ff113b4113c6cf,WorkBuddy AI Asset Agent,Python PIL,2026-08-07T18:15:00+08:00,Project original - UW 0.5.0-pre-capture,Procedurally generated,false,,,,,VIS-UI-001_v001,UI icon: VIS-UI-002_UW-UPGRADE-1.0_record_96.png
VIS-UI-002_UW-UPGRADE-1.0_record_48_hover,VIS-UI-002,received,materials/inbox/visual/ui_icons/VIS-UI-002_UW-UPGRADE-1.0_record_48_hover.png,,6bff9c85dd92dcb78dc4ab40e9a4d263e3b23f10853b78c7df910833b9ec7bd8,WorkBuddy AI Asset Agent,Python PIL,2026-08-07T18:15:00+08:00,Project original - UW 0.5.0-pre-capture,Procedurally generated,false,,,,,VIS-UI-001_v001,UI icon: VIS-UI-002_UW-UPGRADE-1.0_record_48_hover.png
VIS-UI-002_UW-UPGRADE-1.0_record_48_selected,VIS-UI-002,received,materials/inbox/visual/ui_icons/VIS-UI-002_UW-UPGRADE-1.0_record_48_selected.png,,8013fac2658d1f165df8cf73f3e71bbd97c43f70c3d681c4619b8070291cac7a,WorkBuddy AI Asset Agent,Python PIL,2026-08-07T18:15:00+08:00,Project original - UW 0.5.0-pre-capture,Procedurally generated,false,,,,,VIS-UI-001_v001,UI icon: VIS-UI-002_UW-UPGRADE-1.0_record_48_selected.png
VIS-UI-002_UW-UPGRADE-1.0_record_48_disabled,VIS-UI-002,received,materials/inbox/visual/ui_icons/VIS-UI-002_UW-UPGRADE-1.0_record_48_disabled.png,,a8f3a2560c2d9a656c14a7d35ff3f4f2037c07e48508552ad004db7793fc6d62,WorkBuddy AI Asset Agent,Python PIL,2026-08-07T18:15:00+08:00,Project original - UW 0.5.0-pre-capture,Procedurally generated,false,,,,,VIS-UI-001_v001,UI icon: VIS-UI-002_UW-UPGRADE-1.0_record_48_disabled.png
VIS-UI-002_UW-UPGRADE-1.0_record_48_warning,VIS-UI-002,received,materials/inbox/visual/ui_icons/VIS-UI-002_UW-UPGRADE-1.0_record_48_warning.png,,77f382d6a40e24a604709dbca3910fa50b6a2b6cfa87e0c7a0c833b0dc4e3195,WorkBuddy AI Asset Agent,Python PIL,2026-08-07T18:15:00+08:00,Project original - UW 0.5.0-pre-capture,Procedurally generated,false,,,,,VIS-UI-001_v001,UI icon: VIS-UI-002_UW-UPGRADE-1.0_record_48_warning.png
svg_VIS-UI-002_UW-UPGRADE-1.0_observe,VIS-UI-002,received,materials/inbox/visual/ui_icons/svg/VIS-UI-002_UW-UPGRADE-1.0_observe.svg,,9c1bbd2fe877c94e6185e4131bea586778b5f5c3a6aa2d92d6df73946a542d06,WorkBuddy AI Asset Agent,Python PIL,2026-08-07T18:15:00+08:00,Project original - UW 0.5.0-pre-capture,Procedurally generated,false,,,,,VIS-UI-001_v001,UI icon: svg/VIS-UI-002_UW-UPGRADE-1.0_observe.svg
VIS-UI-002_UW-UPGRADE-1.0_observe_24,VIS-UI-002,received,materials/inbox/visual/ui_icons/VIS-UI-002_UW-UPGRADE-1.0_observe_24.png,,673a645c5054bc698000e82c7cb9829c8c00ab534a77ccb86c6fca1ce9290572,WorkBuddy AI Asset Agent,Python PIL,2026-08-07T18:15:00+08:00,Project original - UW 0.5.0-pre-capture,Procedurally generated,false,,,,,VIS-UI-001_v001,UI icon: VIS-UI-002_UW-UPGRADE-1.0_observe_24.png
VIS-UI-002_UW-UPGRADE-1.0_observe_48,VIS-UI-002,received,materials/inbox/visual/ui_icons/VIS-UI-002_UW-UPGRADE-1.0_observe_48.png,,a2a81cea8be9743749fe6027d4f469ba24d0f2981ec43ea8c91f4ea951e8bdf6,WorkBuddy AI Asset Agent,Python PIL,2026-08-07T18:15:00+08:00,Project original - UW 0.5.0-pre-capture,Procedurally generated,false,,,,,VIS-UI-001_v001,UI icon: VIS-UI-002_UW-UPGRADE-1.0_observe_48.png
VIS-UI-002_UW-UPGRADE-1.0_observe_96,VIS-UI-002,received,materials/inbox/visual/ui_icons/VIS-UI-002_UW-UPGRADE-1.0_observe_96.png,,db32b587dbeb08bf84d02bc59c358d1e103777acde6e78752162fcfba9552a24,WorkBuddy AI Asset Agent,Python PIL,2026-08-07T18:15:00+08:00,Project original - UW 0.5.0-pre-capture,Procedurally generated,false,,,,,VIS-UI-001_v001,UI icon: VIS-UI-002_UW-UPGRADE-1.0_observe_96.png
VIS-UI-002_UW-UPGRADE-1.0_observe_48_hover,VIS-UI-002,received,materials/inbox/visual/ui_icons/VIS-UI-002_UW-UPGRADE-1.0_observe_48_hover.png,,e678f678426cfb44c33865a6aa94dbd23eadaf2dcefc9e065e3b5c427c5514e5,WorkBuddy AI Asset Agent,Python PIL,2026-08-07T18:15:00+08:00,Project original - UW 0.5.0-pre-capture,Procedurally generated,false,,,,,VIS-UI-001_v001,UI icon: VIS-UI-002_UW-UPGRADE-1.0_observe_48_hover.png
VIS-UI-002_UW-UPGRADE-1.0_observe_48_selected,VIS-UI-002,received,materials/inbox/visual/ui_icons/VIS-UI-002_UW-UPGRADE-1.0_observe_48_selected.png,,4489927579eaa44e1303efc8437d5fe6aa884b4e75b9d26e8dab6d7a4aa78a08,WorkBuddy AI Asset Agent,Python PIL,2026-08-07T18:15:00+08:00,Project original - UW 0.5.0-pre-capture,Procedurally generated,false,,,,,VIS-UI-001_v001,UI icon: VIS-UI-002_UW-UPGRADE-1.0_observe_48_selected.png
VIS-UI-002_UW-UPGRADE-1.0_observe_48_disabled,VIS-UI-002,received,materials/inbox/visual/ui_icons/VIS-UI-002_UW-UPGRADE-1.0_observe_48_disabled.png,,a8f3a2560c2d9a656c14a7d35ff3f4f2037c07e48508552ad004db7793fc6d62,WorkBuddy AI Asset Agent,Python PIL,2026-08-07T18:15:00+08:00,Project original - UW 0.5.0-pre-capture,Procedurally generated,false,,,,,VIS-UI-001_v001,UI icon: VIS-UI-002_UW-UPGRADE-1.0_observe_48_disabled.png
VIS-UI-002_UW-UPGRADE-1.0_observe_48_warning,VIS-UI-002,received,materials/inbox/visual/ui_icons/VIS-UI-002_UW-UPGRADE-1.0_observe_48_warning.png,,8a5b90d55312b97db0834f03df87b90e3a0087c1ced4002847ce13911d0694e9,WorkBuddy AI Asset Agent,Python PIL,2026-08-07T18:15:00+08:00,Project original - UW 0.5.0-pre-capture,Procedurally generated,false,,,,,VIS-UI-001_v001,UI icon: VIS-UI-002_UW-UPGRADE-1.0_observe_48_warning.png
svg_VIS-UI-002_UW-UPGRADE-1.0_anomaly,VIS-UI-002,received,materials/inbox/visual/ui_icons/svg/VIS-UI-002_UW-UPGRADE-1.0_anomaly.svg,,00cd0f02cce09efa64687ac31c6b28135e9251d4b7e2abef7baef0f99e951378,WorkBuddy AI Asset Agent,Python PIL,2026-08-07T18:15:00+08:00,Project original - UW 0.5.0-pre-capture,Procedurally generated,false,,,,,VIS-UI-001_v001,UI icon: svg/VIS-UI-002_UW-UPGRADE-1.0_anomaly.svg
VIS-UI-002_UW-UPGRADE-1.0_anomaly_24,VIS-UI-002,received,materials/inbox/visual/ui_icons/VIS-UI-002_UW-UPGRADE-1.0_anomaly_24.png,,b893cd8ef3f2907b5d7ef76c248154d4e0d4344d8362349eb0bec69d27bcab2e,WorkBuddy AI Asset Agent,Python PIL,2026-08-07T18:15:00+08:00,Project original - UW 0.5.0-pre-capture,Procedurally generated,false,,,,,VIS-UI-001_v001,UI icon: VIS-UI-002_UW-UPGRADE-1.0_anomaly_24.png
VIS-UI-002_UW-UPGRADE-1.0_anomaly_48,VIS-UI-002,received,materials/inbox/visual/ui_icons/VIS-UI-002_UW-UPGRADE-1.0_anomaly_48.png,,58ce86b3bce111c6f71613c41c7789d4dc8f33fb594e65eac60788dea94c0b91,WorkBuddy AI Asset Agent,Python PIL,2026-08-07T18:15:00+08:00,Project original - UW 0.5.0-pre-capture,Procedurally generated,false,,,,,VIS-UI-001_v001,UI icon: VIS-UI-002_UW-UPGRADE-1.0_anomaly_48.png
VIS-UI-002_UW-UPGRADE-1.0_anomaly_96,VIS-UI-002,received,materials/inbox/visual/ui_icons/VIS-UI-002_UW-UPGRADE-1.0_anomaly_96.png,,b534ec8424881e3944d6257e3152fde0b7b367c0e395abf517f44ae03b644666,WorkBuddy AI Asset Agent,Python PIL,2026-08-07T18:15:00+08:00,Project original - UW 0.5.0-pre-capture,Procedurally generated,false,,,,,VIS-UI-001_v001,UI icon: VIS-UI-002_UW-UPGRADE-1.0_anomaly_96.png
VIS-UI-002_UW-UPGRADE-1.0_anomaly_48_hover,VIS-UI-002,received,materials/inbox/visual/ui_icons/VIS-UI-002_UW-UPGRADE-1.0_anomaly_48_hover.png,,31726c0434365a304ae17f235b22a2210af5e774ecc6c2c9a79584e8d0ffe453,WorkBuddy AI Asset Agent,Python PIL,2026-08-07T18:15:00+08:00,Project original - UW 0.5.0-pre-capture,Procedurally generated,false,,,,,VIS-UI-001_v001,UI icon: VIS-UI-002_UW-UPGRADE-1.0_anomaly_48_hover.png
VIS-UI-002_UW-UPGRADE-1.0_anomaly_48_selected,VIS-UI-002,received,materials/inbox/visual/ui_icons/VIS-UI-002_UW-UPGRADE-1.0_anomaly_48_selected.png,,3df035fd0fc3515a78f7320c28044915910cd087c5454c1f0c81c1da8607e08c,WorkBuddy AI Asset Agent,Python PIL,2026-08-07T18:15:00+08:00,Project original - UW 0.5.0-pre-capture,Procedurally generated,false,,,,,VIS-UI-001_v001,UI icon: VIS-UI-002_UW-UPGRADE-1.0_anomaly_48_selected.png
VIS-UI-002_UW-UPGRADE-1.0_anomaly_48_disabled,VIS-UI-002,received,materials/inbox/visual/ui_icons/VIS-UI-002_UW-UPGRADE-1.0_anomaly_48_disabled.png,,a8f3a2560c2d9a656c14a7d35ff3f4f2037c07e48508552ad004db7793fc6d62,WorkBuddy AI Asset Agent,Python PIL,2026-08-07T18:15:00+08:00,Project original - UW 0.5.0-pre-capture,Procedurally generated,false,,,,,VIS-UI-001_v001,UI icon: VIS-UI-002_UW-UPGRADE-1.0_anomaly_48_disabled.png
VIS-UI-002_UW-UPGRADE-1.0_anomaly_48_warning,VIS-UI-002,received,materials/inbox/visual/ui_icons/VIS-UI-002_UW-UPGRADE-1.0_anomaly_48_warning.png,,23cc3e03b63101f4f1432df3eff1a318ad744a31cbfb1eedcabfc8f747c68071,WorkBuddy AI Asset Agent,Python PIL,2026-08-07T18:15:00+08:00,Project original - UW 0.5.0-pre-capture,Procedurally generated,false,,,,,VIS-UI-001_v001,UI icon: VIS-UI-002_UW-UPGRADE-1.0_anomaly_48_warning.png
svg_VIS-UI-002_UW-UPGRADE-1.0_boundary,VIS-UI-002,received,materials/inbox/visual/ui_icons/svg/VIS-UI-002_UW-UPGRADE-1.0_boundary.svg,,a13a7b065b2b3d5f2202c48cebd209249db14491333ce9a4f52b5ea418b0cea2,WorkBuddy AI Asset Agent,Python PIL,2026-08-07T18:15:00+08:00,Project original - UW 0.5.0-pre-capture,Procedurally generated,false,,,,,VIS-UI-001_v001,UI icon: svg/VIS-UI-002_UW-UPGRADE-1.0_boundary.svg
VIS-UI-002_UW-UPGRADE-1.0_boundary_24,VIS-UI-002,received,materials/inbox/visual/ui_icons/VIS-UI-002_UW-UPGRADE-1.0_boundary_24.png,,b893cd8ef3f2907b5d7ef76c248154d4e0d4344d8362349eb0bec69d27bcab2e,WorkBuddy AI Asset Agent,Python PIL,2026-08-07T18:15:00+08:00,Project original - UW 0.5.0-pre-capture,Procedurally generated,false,,,,,VIS-UI-001_v001,UI icon: VIS-UI-002_UW-UPGRADE-1.0_boundary_24.png
VIS-UI-002_UW-UPGRADE-1.0_boundary_48,VIS-UI-002,received,materials/inbox/visual/ui_icons/VIS-UI-002_UW-UPGRADE-1.0_boundary_48.png,,58ce86b3bce111c6f71613c41c7789d4dc8f33fb594e65eac60788dea94c0b91,WorkBuddy AI Asset Agent,Python PIL,2026-08-07T18:15:00+08:00,Project original - UW 0.5.0-pre-capture,Procedurally generated,false,,,,,VIS-UI-001_v001,UI icon: VIS-UI-002_UW-UPGRADE-1.0_boundary_48.png
VIS-UI-002_UW-UPGRADE-1.0_boundary_96,VIS-UI-002,received,materials/inbox/visual/ui_icons/VIS-UI-002_UW-UPGRADE-1.0_boundary_96.png,,b534ec8424881e3944d6257e3152fde0b7b367c0e395abf517f44ae03b644666,WorkBuddy AI Asset Agent,Python PIL,2026-08-07T18:15:00+08:00,Project original - UW 0.5.0-pre-capture,Procedurally generated,false,,,,,VIS-UI-001_v001,UI icon: VIS-UI-002_UW-UPGRADE-1.0_boundary_96.png
VIS-UI-002_UW-UPGRADE-1.0_boundary_48_hover,VIS-UI-002,received,materials/inbox/visual/ui_icons/VIS-UI-002_UW-UPGRADE-1.0_boundary_48_hover.png,,31726c0434365a304ae17f235b22a2210af5e774ecc6c2c9a79584e8d0ffe453,WorkBuddy AI Asset Agent,Python PIL,2026-08-07T18:15:00+08:00,Project original - UW 0.5.0-pre-capture,Procedurally generated,false,,,,,VIS-UI-001_v001,UI icon: VIS-UI-002_UW-UPGRADE-1.0_boundary_48_hover.png
VIS-UI-002_UW-UPGRADE-1.0_boundary_48_selected,VIS-UI-002,received,materials/inbox/visual/ui_icons/VIS-UI-002_UW-UPGRADE-1.0_boundary_48_selected.png,,3df035fd0fc3515a78f7320c28044915910cd087c5454c1f0c81c1da8607e08c,WorkBuddy AI Asset Agent,Python PIL,2026-08-07T18:15:00+08:00,Project original - UW 0.5.0-pre-capture,Procedurally generated,false,,,,,VIS-UI-001_v001,UI icon: VIS-UI-002_UW-UPGRADE-1.0_boundary_48_selected.png
VIS-UI-002_UW-UPGRADE-1.0_boundary_48_disabled,VIS-UI-002,received,materials/inbox/visual/ui_icons/VIS-UI-002_UW-UPGRADE-1.0_boundary_48_disabled.png,,a8f3a2560c2d9a656c14a7d35ff3f4f2037c07e48508552ad004db7793fc6d62,WorkBuddy AI Asset Agent,Python PIL,2026-08-07T18:15:00+08:00,Project original - UW 0.5.0-pre-capture,Procedurally generated,false,,,,,VIS-UI-001_v001,UI icon: VIS-UI-002_UW-UPGRADE-1.0_boundary_48_disabled.png
VIS-UI-002_UW-UPGRADE-1.0_boundary_48_warning,VIS-UI-002,received,materials/inbox/visual/ui_icons/VIS-UI-002_UW-UPGRADE-1.0_boundary_48_warning.png,,23cc3e03b63101f4f1432df3eff1a318ad744a31cbfb1eedcabfc8f747c68071,WorkBuddy AI Asset Agent,Python PIL,2026-08-07T18:15:00+08:00,Project original - UW 0.5.0-pre-capture,Procedurally generated,false,,,,,VIS-UI-001_v001,UI icon: VIS-UI-002_UW-UPGRADE-1.0_boundary_48_warning.png
svg_VIS-UI-002_UW-UPGRADE-1.0_relationship,VIS-UI-002,received,materials/inbox/visual/ui_icons/svg/VIS-UI-002_UW-UPGRADE-1.0_relationship.svg,,dd9a411e2874593d00e24d7c6800c9e39fab8a7fe0f09fb6dcbf08f000a3862a,WorkBuddy AI Asset Agent,Python PIL,2026-08-07T18:15:00+08:00,Project original - UW 0.5.0-pre-capture,Procedurally generated,false,,,,,VIS-UI-001_v001,UI icon: svg/VIS-UI-002_UW-UPGRADE-1.0_relationship.svg
VIS-UI-002_UW-UPGRADE-1.0_relationship_24,VIS-UI-002,received,materials/inbox/visual/ui_icons/VIS-UI-002_UW-UPGRADE-1.0_relationship_24.png,,751d5082f755778adef8ab8d27683f63f44b9254f09ab8a9419d7c1b22c0b1fb,WorkBuddy AI Asset Agent,Python PIL,2026-08-07T18:15:00+08:00,Project original - UW 0.5.0-pre-capture,Procedurally generated,false,,,,,VIS-UI-001_v001,UI icon: VIS-UI-002_UW-UPGRADE-1.0_relationship_24.png
VIS-UI-002_UW-UPGRADE-1.0_relationship_48,VIS-UI-002,received,materials/inbox/visual/ui_icons/VIS-UI-002_UW-UPGRADE-1.0_relationship_48.png,,1459f56e8d02103ee9b810a3f89fb6b8de4a428309d7ddd9fdd032152ffbfec6,WorkBuddy AI Asset Agent,Python PIL,2026-08-07T18:15:00+08:00,Project original - UW 0.5.0-pre-capture,Procedurally generated,false,,,,,VIS-UI-001_v001,UI icon: VIS-UI-002_UW-UPGRADE-1.0_relationship_48.png
VIS-UI-002_UW-UPGRADE-1.0_relationship_96,VIS-UI-002,received,materials/inbox/visual/ui_icons/VIS-UI-002_UW-UPGRADE-1.0_relationship_96.png,,932ac9ef2c9f38bcf4509ebde756ee299ed2be5fa01746dc2bb95c8b806ea5ef,WorkBuddy AI Asset Agent,Python PIL,2026-08-07T18:15:00+08:00,Project original - UW 0.5.0-pre-capture,Procedurally generated,false,,,,,VIS-UI-001_v001,UI icon: VIS-UI-002_UW-UPGRADE-1.0_relationship_96.png
VIS-UI-002_UW-UPGRADE-1.0_relationship_48_hover,VIS-UI-002,received,materials/inbox/visual/ui_icons/VIS-UI-002_UW-UPGRADE-1.0_relationship_48_hover.png,,de33c95a06baa27cad8674040373c6b596712a8429e65deb54ba36baa291a191,WorkBuddy AI Asset Agent,Python PIL,2026-08-07T18:15:00+08:00,Project original - UW 0.5.0-pre-capture,Procedurally generated,false,,,,,VIS-UI-001_v001,UI icon: VIS-UI-002_UW-UPGRADE-1.0_relationship_48_hover.png
VIS-UI-002_UW-UPGRADE-1.0_relationship_48_selected,VIS-UI-002,received,materials/inbox/visual/ui_icons/VIS-UI-002_UW-UPGRADE-1.0_relationship_48_selected.png,,347a2b5ec05e875a7201fe170aa0aa8cf4caa32c24d1f6da4f3da1ce2e31905e,WorkBuddy AI Asset Agent,Python PIL,2026-08-07T18:15:00+08:00,Project original - UW 0.5.0-pre-capture,Procedurally generated,false,,,,,VIS-UI-001_v001,UI icon: VIS-UI-002_UW-UPGRADE-1.0_relationship_48_selected.png
VIS-UI-002_UW-UPGRADE-1.0_relationship_48_disabled,VIS-UI-002,received,materials/inbox/visual/ui_icons/VIS-UI-002_UW-UPGRADE-1.0_relationship_48_disabled.png,,a8f3a2560c2d9a656c14a7d35ff3f4f2037c07e48508552ad004db7793fc6d62,WorkBuddy AI Asset Agent,Python PIL,2026-08-07T18:15:00+08:00,Project original - UW 0.5.0-pre-capture,Procedurally generated,false,,,,,VIS-UI-001_v001,UI icon: VIS-UI-002_UW-UPGRADE-1.0_relationship_48_disabled.png
VIS-UI-002_UW-UPGRADE-1.0_relationship_48_warning,VIS-UI-002,received,materials/inbox/visual/ui_icons/VIS-UI-002_UW-UPGRADE-1.0_relationship_48_warning.png,,84c74da4ede9262092ebcaaaad571277d9c65869bef0920de3af6a840cdaa013,WorkBuddy AI Asset Agent,Python PIL,2026-08-07T18:15:00+08:00,Project original - UW 0.5.0-pre-capture,Procedurally generated,false,,,,,VIS-UI-001_v001,UI icon: VIS-UI-002_UW-UPGRADE-1.0_relationship_48_warning.png
svg_VIS-UI-002_UW-UPGRADE-1.0_memory,VIS-UI-002,received,materials/inbox/visual/ui_icons/svg/VIS-UI-002_UW-UPGRADE-1.0_memory.svg,,7db64dc05ded96b6c46a38ec706786457b335ca9ff143d13da9e7a6183f31c51,WorkBuddy AI Asset Agent,Python PIL,2026-08-07T18:15:00+08:00,Project original - UW 0.5.0-pre-capture,Procedurally generated,false,,,,,VIS-UI-001_v001,UI icon: svg/VIS-UI-002_UW-UPGRADE-1.0_memory.svg
VIS-UI-002_UW-UPGRADE-1.0_memory_24,VIS-UI-002,received,materials/inbox/visual/ui_icons/VIS-UI-002_UW-UPGRADE-1.0_memory_24.png,,0bccaa35165ee6bd543ac25670ae0c93df6c1b75842886831a8eadb2f0af7d68,WorkBuddy AI Asset Agent,Python PIL,2026-08-07T18:15:00+08:00,Project original - UW 0.5.0-pre-capture,Procedurally generated,false,,,,,VIS-UI-001_v001,UI icon: VIS-UI-002_UW-UPGRADE-1.0_memory_24.png
VIS-UI-002_UW-UPGRADE-1.0_memory_48,VIS-UI-002,received,materials/inbox/visual/ui_icons/VIS-UI-002_UW-UPGRADE-1.0_memory_48.png,,c7186a022cac78d8d9513911576291b50d435a2809e3aeacc0b1cf31e48ff6d9,WorkBuddy AI Asset Agent,Python PIL,2026-08-07T18:15:00+08:00,Project original - UW 0.5.0-pre-capture,Procedurally generated,false,,,,,VIS-UI-001_v001,UI icon: VIS-UI-002_UW-UPGRADE-1.0_memory_48.png
VIS-UI-002_UW-UPGRADE-1.0_memory_96,VIS-UI-002,received,materials/inbox/visual/ui_icons/VIS-UI-002_UW-UPGRADE-1.0_memory_96.png,,8fd991484522a41cfe7d253f90794cb2439229201c7ee8cbadf82211e0a3c4e0,WorkBuddy AI Asset Agent,Python PIL,2026-08-07T18:15:00+08:00,Project original - UW 0.5.0-pre-capture,Procedurally generated,false,,,,,VIS-UI-001_v001,UI icon: VIS-UI-002_UW-UPGRADE-1.0_memory_96.png
VIS-UI-002_UW-UPGRADE-1.0_memory_48_hover,VIS-UI-002,received,materials/inbox/visual/ui_icons/VIS-UI-002_UW-UPGRADE-1.0_memory_48_hover.png,,3d6caa934cc07507d916e37eeb2b3df154482d2aaa5688625a1631e157400ec6,WorkBuddy AI Asset Agent,Python PIL,2026-08-07T18:15:00+08:00,Project original - UW 0.5.0-pre-capture,Procedurally generated,false,,,,,VIS-UI-001_v001,UI icon: VIS-UI-002_UW-UPGRADE-1.0_memory_48_hover.png
VIS-UI-002_UW-UPGRADE-1.0_memory_48_selected,VIS-UI-002,received,materials/inbox/visual/ui_icons/VIS-UI-002_UW-UPGRADE-1.0_memory_48_selected.png,,eca88b0c984e0d01c29156cc08a8cdd2326da23afdee9e41b302cdb58689e7f6,WorkBuddy AI Asset Agent,Python PIL,2026-08-07T18:15:00+08:00,Project original - UW 0.5.0-pre-capture,Procedurally generated,false,,,,,VIS-UI-001_v001,UI icon: VIS-UI-002_UW-UPGRADE-1.0_memory_48_selected.png
VIS-UI-002_UW-UPGRADE-1.0_memory_48_disabled,VIS-UI-002,received,materials/inbox/visual/ui_icons/VIS-UI-002_UW-UPGRADE-1.0_memory_48_disabled.png,,a8f3a2560c2d9a656c14a7d35ff3f4f2037c07e48508552ad004db7793fc6d62,WorkBuddy AI Asset Agent,Python PIL,2026-08-07T18:15:00+08:00,Project original - UW 0.5.0-pre-capture,Procedurally generated,false,,,,,VIS-UI-001_v001,UI icon: VIS-UI-002_UW-UPGRADE-1.0_memory_48_disabled.png
VIS-UI-002_UW-UPGRADE-1.0_memory_48_warning,VIS-UI-002,received,materials/inbox/visual/ui_icons/VIS-UI-002_UW-UPGRADE-1.0_memory_48_warning.png,,dc289381bda4e23567dfdb6684de35143501b75c1b5fb05ff6d891ca59977936,WorkBuddy AI Asset Agent,Python PIL,2026-08-07T18:15:00+08:00,Project original - UW 0.5.0-pre-capture,Procedurally generated,false,,,,,VIS-UI-001_v001,UI icon: VIS-UI-002_UW-UPGRADE-1.0_memory_48_warning.png
svg_VIS-UI-002_UW-UPGRADE-1.0_promise,VIS-UI-002,received,materials/inbox/visual/ui_icons/svg/VIS-UI-002_UW-UPGRADE-1.0_promise.svg,,1c39be2bd2aa850dc0471df3664ced68ecd0fb851f4c80e5cf4ea2a0e55b365d,WorkBuddy AI Asset Agent,Python PIL,2026-08-07T18:15:00+08:00,Project original - UW 0.5.0-pre-capture,Procedurally generated,false,,,,,VIS-UI-001_v001,UI icon: svg/VIS-UI-002_UW-UPGRADE-1.0_promise.svg
VIS-UI-002_UW-UPGRADE-1.0_promise_24,VIS-UI-002,received,materials/inbox/visual/ui_icons/VIS-UI-002_UW-UPGRADE-1.0_promise_24.png,,9dfeba6481e3b28e7b44a9493b059153ca849d708ff7f61a115c7e35b415fed9,WorkBuddy AI Asset Agent,Python PIL,2026-08-07T18:15:00+08:00,Project original - UW 0.5.0-pre-capture,Procedurally generated,false,,,,,VIS-UI-001_v001,UI icon: VIS-UI-002_UW-UPGRADE-1.0_promise_24.png
VIS-UI-002_UW-UPGRADE-1.0_promise_48,VIS-UI-002,received,materials/inbox/visual/ui_icons/VIS-UI-002_UW-UPGRADE-1.0_promise_48.png,,426d4fe34b47515cabdb7f2f1e54a38066dd4c10df0f12bfbf4422fe62782511,WorkBuddy AI Asset Agent,Python PIL,2026-08-07T18:15:00+08:00,Project original - UW 0.5.0-pre-capture,Procedurally generated,false,,,,,VIS-UI-001_v001,UI icon: VIS-UI-002_UW-UPGRADE-1.0_promise_48.png
VIS-UI-002_UW-UPGRADE-1.0_promise_96,VIS-UI-002,received,materials/inbox/visual/ui_icons/VIS-UI-002_UW-UPGRADE-1.0_promise_96.png,,3c87f8356db7276b65ed51fd39553e76c48d4c16ff19b27e42251d58e93b2c69,WorkBuddy AI Asset Agent,Python PIL,2026-08-07T18:15:00+08:00,Project original - UW 0.5.0-pre-capture,Procedurally generated,false,,,,,VIS-UI-001_v001,UI icon: VIS-UI-002_UW-UPGRADE-1.0_promise_96.png
VIS-UI-002_UW-UPGRADE-1.0_promise_48_hover,VIS-UI-002,received,materials/inbox/visual/ui_icons/VIS-UI-002_UW-UPGRADE-1.0_promise_48_hover.png,,97f7515763a4b67233cdf865b0461cc9e82cf1189f1cd589aee349779db9b650,WorkBuddy AI Asset Agent,Python PIL,2026-08-07T18:15:00+08:00,Project original - UW 0.5.0-pre-capture,Procedurally generated,false,,,,,VIS-UI-001_v001,UI icon: VIS-UI-002_UW-UPGRADE-1.0_promise_48_hover.png
VIS-UI-002_UW-UPGRADE-1.0_promise_48_selected,VIS-UI-002,received,materials/inbox/visual/ui_icons/VIS-UI-002_UW-UPGRADE-1.0_promise_48_selected.png,,1cada43f9c8679a07a0346334e68c1d13d4c121abdd5a19ee3a4e876473e88f9,WorkBuddy AI Asset Agent,Python PIL,2026-08-07T18:15:00+08:00,Project original - UW 0.5.0-pre-capture,Procedurally generated,false,,,,,VIS-UI-001_v001,UI icon: VIS-UI-002_UW-UPGRADE-1.0_promise_48_selected.png
VIS-UI-002_UW-UPGRADE-1.0_promise_48_disabled,VIS-UI-002,received,materials/inbox/visual/ui_icons/VIS-UI-002_UW-UPGRADE-1.0_promise_48_disabled.png,,a8f3a2560c2d9a656c14a7d35ff3f4f2037c07e48508552ad004db7793fc6d62,WorkBuddy AI Asset Agent,Python PIL,2026-08-07T18:15:00+08:00,Project original - UW 0.5.0-pre-capture,Procedurally generated,false,,,,,VIS-UI-001_v001,UI icon: VIS-UI-002_UW-UPGRADE-1.0_promise_48_disabled.png
VIS-UI-002_UW-UPGRADE-1.0_promise_48_warning,VIS-UI-002,received,materials/inbox/visual/ui_icons/VIS-UI-002_UW-UPGRADE-1.0_promise_48_warning.png,,5b39283983af1b6176a8483b7ffb67c693796b94cef0d7c3ae4dbd16eeea21e4,WorkBuddy AI Asset Agent,Python PIL,2026-08-07T18:15:00+08:00,Project original - UW 0.5.0-pre-capture,Procedurally generated,false,,,,,VIS-UI-001_v001,UI icon: VIS-UI-002_UW-UPGRADE-1.0_promise_48_warning.png
svg_VIS-UI-002_UW-UPGRADE-1.0_tension,VIS-UI-002,received,materials/inbox/visual/ui_icons/svg/VIS-UI-002_UW-UPGRADE-1.0_tension.svg,,8c1e7b26b33b3a052185d3edd569aa167654687ff77c86471a511af14e870c6b,WorkBuddy AI Asset Agent,Python PIL,2026-08-07T18:15:00+08:00,Project original - UW 0.5.0-pre-capture,Procedurally generated,false,,,,,VIS-UI-001_v001,UI icon: svg/VIS-UI-002_UW-UPGRADE-1.0_tension.svg
VIS-UI-002_UW-UPGRADE-1.0_tension_24,VIS-UI-002,received,materials/inbox/visual/ui_icons/VIS-UI-002_UW-UPGRADE-1.0_tension_24.png,,8b7d9218c253fb22c18bbfdea6c04bd75cad5f630a12bd5951bd66b39adae564,WorkBuddy AI Asset Agent,Python PIL,2026-08-07T18:15:00+08:00,Project original - UW 0.5.0-pre-capture,Procedurally generated,false,,,,,VIS-UI-001_v001,UI icon: VIS-UI-002_UW-UPGRADE-1.0_tension_24.png
VIS-UI-002_UW-UPGRADE-1.0_tension_48,VIS-UI-002,received,materials/inbox/visual/ui_icons/VIS-UI-002_UW-UPGRADE-1.0_tension_48.png,,8024f0fce533d106296e678c718e7fd1eae50bb43508c37d0df8c83d6325c660,WorkBuddy AI Asset Agent,Python PIL,2026-08-07T18:15:00+08:00,Project original - UW 0.5.0-pre-capture,Procedurally generated,false,,,,,VIS-UI-001_v001,UI icon: VIS-UI-002_UW-UPGRADE-1.0_tension_48.png
VIS-UI-002_UW-UPGRADE-1.0_tension_96,VIS-UI-002,received,materials/inbox/visual/ui_icons/VIS-UI-002_UW-UPGRADE-1.0_tension_96.png,,c0af416afadac48ab16cda0a3747039c05b79be7269b749da36dfa71f40d8a42,WorkBuddy AI Asset Agent,Python PIL,2026-08-07T18:15:00+08:00,Project original - UW 0.5.0-pre-capture,Procedurally generated,false,,,,,VIS-UI-001_v001,UI icon: VIS-UI-002_UW-UPGRADE-1.0_tension_96.png
VIS-UI-002_UW-UPGRADE-1.0_tension_48_hover,VIS-UI-002,received,materials/inbox/visual/ui_icons/VIS-UI-002_UW-UPGRADE-1.0_tension_48_hover.png,,804067efc6bdfe7e5cf35e06e66c447e44b5edc9453a694a8846010432be7051,WorkBuddy AI Asset Agent,Python PIL,2026-08-07T18:15:00+08:00,Project original - UW 0.5.0-pre-capture,Procedurally generated,false,,,,,VIS-UI-001_v001,UI icon: VIS-UI-002_UW-UPGRADE-1.0_tension_48_hover.png
VIS-UI-002_UW-UPGRADE-1.0_tension_48_selected,VIS-UI-002,received,materials/inbox/visual/ui_icons/VIS-UI-002_UW-UPGRADE-1.0_tension_48_selected.png,,5b69170910aa8b122061b19d861155295dbc3a5be6699598c62a9693db76eb04,WorkBuddy AI Asset Agent,Python PIL,2026-08-07T18:15:00+08:00,Project original - UW 0.5.0-pre-capture,Procedurally generated,false,,,,,VIS-UI-001_v001,UI icon: VIS-UI-002_UW-UPGRADE-1.0_tension_48_selected.png
VIS-UI-002_UW-UPGRADE-1.0_tension_48_disabled,VIS-UI-002,received,materials/inbox/visual/ui_icons/VIS-UI-002_UW-UPGRADE-1.0_tension_48_disabled.png,,a8f3a2560c2d9a656c14a7d35ff3f4f2037c07e48508552ad004db7793fc6d62,WorkBuddy AI Asset Agent,Python PIL,2026-08-07T18:15:00+08:00,Project original - UW 0.5.0-pre-capture,Procedurally generated,false,,,,,VIS-UI-001_v001,UI icon: VIS-UI-002_UW-UPGRADE-1.0_tension_48_disabled.png
VIS-UI-002_UW-UPGRADE-1.0_tension_48_warning,VIS-UI-002,received,materials/inbox/visual/ui_icons/VIS-UI-002_UW-UPGRADE-1.0_tension_48_warning.png,,5ab162b5eebc24b46a850c1f936fdedf134060b3ae3001842e0806aac60e12ba,WorkBuddy AI Asset Agent,Python PIL,2026-08-07T18:15:00+08:00,Project original - UW 0.5.0-pre-capture,Procedurally generated,false,,,,,VIS-UI-001_v001,UI icon: VIS-UI-002_UW-UPGRADE-1.0_tension_48_warning.png
svg_VIS-UI-002_UW-UPGRADE-1.0_companion,VIS-UI-002,received,materials/inbox/visual/ui_icons/svg/VIS-UI-002_UW-UPGRADE-1.0_companion.svg,,81e6228c0f2edf1738fcc5bf7ba42d0dda9be234148f4a66dfac527affa98b16,WorkBuddy AI Asset Agent,Python PIL,2026-08-07T18:15:00+08:00,Project original - UW 0.5.0-pre-capture,Procedurally generated,false,,,,,VIS-UI-001_v001,UI icon: svg/VIS-UI-002_UW-UPGRADE-1.0_companion.svg
VIS-UI-002_UW-UPGRADE-1.0_companion_24,VIS-UI-002,received,materials/inbox/visual/ui_icons/VIS-UI-002_UW-UPGRADE-1.0_companion_24.png,,751d5082f755778adef8ab8d27683f63f44b9254f09ab8a9419d7c1b22c0b1fb,WorkBuddy AI Asset Agent,Python PIL,2026-08-07T18:15:00+08:00,Project original - UW 0.5.0-pre-capture,Procedurally generated,false,,,,,VIS-UI-001_v001,UI icon: VIS-UI-002_UW-UPGRADE-1.0_companion_24.png
VIS-UI-002_UW-UPGRADE-1.0_companion_48,VIS-UI-002,received,materials/inbox/visual/ui_icons/VIS-UI-002_UW-UPGRADE-1.0_companion_48.png,,1459f56e8d02103ee9b810a3f89fb6b8de4a428309d7ddd9fdd032152ffbfec6,WorkBuddy AI Asset Agent,Python PIL,2026-08-07T18:15:00+08:00,Project original - UW 0.5.0-pre-capture,Procedurally generated,false,,,,,VIS-UI-001_v001,UI icon: VIS-UI-002_UW-UPGRADE-1.0_companion_48.png
VIS-UI-002_UW-UPGRADE-1.0_companion_96,VIS-UI-002,received,materials/inbox/visual/ui_icons/VIS-UI-002_UW-UPGRADE-1.0_companion_96.png,,932ac9ef2c9f38bcf4509ebde756ee299ed2be5fa01746dc2bb95c8b806ea5ef,WorkBuddy AI Asset Agent,Python PIL,2026-08-07T18:15:00+08:00,Project original - UW 0.5.0-pre-capture,Procedurally generated,false,,,,,VIS-UI-001_v001,UI icon: VIS-UI-002_UW-UPGRADE-1.0_companion_96.png
VIS-UI-002_UW-UPGRADE-1.0_companion_48_hover,VIS-UI-002,received,materials/inbox/visual/ui_icons/VIS-UI-002_UW-UPGRADE-1.0_companion_48_hover.png,,de33c95a06baa27cad8674040373c6b596712a8429e65deb54ba36baa291a191,WorkBuddy AI Asset Agent,Python PIL,2026-08-07T18:15:00+08:00,Project original - UW 0.5.0-pre-capture,Procedurally generated,false,,,,,VIS-UI-001_v001,UI icon: VIS-UI-002_UW-UPGRADE-1.0_companion_48_hover.png
VIS-UI-002_UW-UPGRADE-1.0_companion_48_selected,VIS-UI-002,received,materials/inbox/visual/ui_icons/VIS-UI-002_UW-UPGRADE-1.0_companion_48_selected.png,,347a2b5ec05e875a7201fe170aa0aa8cf4caa32c24d1f6da4f3da1ce2e31905e,WorkBuddy AI Asset Agent,Python PIL,2026-08-07T18:15:00+08:00,Project original - UW 0.5.0-pre-capture,Procedurally generated,false,,,,,VIS-UI-001_v001,UI icon: VIS-UI-002_UW-UPGRADE-1.0_companion_48_selected.png
VIS-UI-002_UW-UPGRADE-1.0_companion_48_disabled,VIS-UI-002,received,materials/inbox/visual/ui_icons/VIS-UI-002_UW-UPGRADE-1.0_companion_48_disabled.png,,a8f3a2560c2d9a656c14a7d35ff3f4f2037c07e48508552ad004db7793fc6d62,WorkBuddy AI Asset Agent,Python PIL,2026-08-07T18:15:00+08:00,Project original - UW 0.5.0-pre-capture,Procedurally generated,false,,,,,VIS-UI-001_v001,UI icon: VIS-UI-002_UW-UPGRADE-1.0_companion_48_disabled.png
VIS-UI-002_UW-UPGRADE-1.0_companion_48_warning,VIS-UI-002,received,materials/inbox/visual/ui_icons/VIS-UI-002_UW-UPGRADE-1.0_companion_48_warning.png,,84c74da4ede9262092ebcaaaad571277d9c65869bef0920de3af6a840cdaa013,WorkBuddy AI Asset Agent,Python PIL,2026-08-07T18:15:00+08:00,Project original - UW 0.5.0-pre-capture,Procedurally generated,false,,,,,VIS-UI-001_v001,UI icon: VIS-UI-002_UW-UPGRADE-1.0_companion_48_warning.png
svg_VIS-UI-002_UW-UPGRADE-1.0_reading,VIS-UI-002,received,materials/inbox/visual/ui_icons/svg/VIS-UI-002_UW-UPGRADE-1.0_reading.svg,,527a7e1f98517cd31ff7387c201f3e8526e875a38f2d8d21df01ad431911b01a,WorkBuddy AI Asset Agent,Python PIL,2026-08-07T18:15:00+08:00,Project original - UW 0.5.0-pre-capture,Procedurally generated,false,,,,,VIS-UI-001_v001,UI icon: svg/VIS-UI-002_UW-UPGRADE-1.0_reading.svg
VIS-UI-002_UW-UPGRADE-1.0_reading_24,VIS-UI-002,received,materials/inbox/visual/ui_icons/VIS-UI-002_UW-UPGRADE-1.0_reading_24.png,,140eff9431c8e51b3df901b1388b894095c3a3e94ba18211e1d6a0ce4bb60059,WorkBuddy AI Asset Agent,Python PIL,2026-08-07T18:15:00+08:00,Project original - UW 0.5.0-pre-capture,Procedurally generated,false,,,,,VIS-UI-001_v001,UI icon: VIS-UI-002_UW-UPGRADE-1.0_reading_24.png
VIS-UI-002_UW-UPGRADE-1.0_reading_48,VIS-UI-002,received,materials/inbox/visual/ui_icons/VIS-UI-002_UW-UPGRADE-1.0_reading_48.png,,bd3bc7c85dbf20e809322629db57ead24ab1670a36d21136b13ec28527ebd26f,WorkBuddy AI Asset Agent,Python PIL,2026-08-07T18:15:00+08:00,Project original - UW 0.5.0-pre-capture,Procedurally generated,false,,,,,VIS-UI-001_v001,UI icon: VIS-UI-002_UW-UPGRADE-1.0_reading_48.png
VIS-UI-002_UW-UPGRADE-1.0_reading_96,VIS-UI-002,received,materials/inbox/visual/ui_icons/VIS-UI-002_UW-UPGRADE-1.0_reading_96.png,,29aa4e8b7c5d59abe2e7b69db9350c8d3e0c2b62ce190f75a2ff113b4113c6cf,WorkBuddy AI Asset Agent,Python PIL,2026-08-07T18:15:00+08:00,Project original - UW 0.5.0-pre-capture,Procedurally generated,false,,,,,VIS-UI-001_v001,UI icon: VIS-UI-002_UW-UPGRADE-1.0_reading_96.png
VIS-UI-002_UW-UPGRADE-1.0_reading_48_hover,VIS-UI-002,received,materials/inbox/visual/ui_icons/VIS-UI-002_UW-UPGRADE-1.0_reading_48_hover.png,,6bff9c85dd92dcb78dc4ab40e9a4d263e3b23f10853b78c7df910833b9ec7bd8,WorkBuddy AI Asset Agent,Python PIL,2026-08-07T18:15:00+08:00,Project original - UW 0.5.0-pre-capture,Procedurally generated,false,,,,,VIS-UI-001_v001,UI icon: VIS-UI-002_UW-UPGRADE-1.0_reading_48_hover.png
VIS-UI-002_UW-UPGRADE-1.0_reading_48_selected,VIS-UI-002,received,materials/inbox/visual/ui_icons/VIS-UI-002_UW-UPGRADE-1.0_reading_48_selected.png,,8013fac2658d1f165df8cf73f3e71bbd97c43f70c3d681c4619b8070291cac7a,WorkBuddy AI Asset Agent,Python PIL,2026-08-07T18:15:00+08:00,Project original - UW 0.5.0-pre-capture,Procedurally generated,false,,,,,VIS-UI-001_v001,UI icon: VIS-UI-002_UW-UPGRADE-1.0_reading_48_selected.png
VIS-UI-002_UW-UPGRADE-1.0_reading_48_disabled,VIS-UI-002,received,materials/inbox/visual/ui_icons/VIS-UI-002_UW-UPGRADE-1.0_reading_48_disabled.png,,a8f3a2560c2d9a656c14a7d35ff3f4f2037c07e48508552ad004db7793fc6d62,WorkBuddy AI Asset Agent,Python PIL,2026-08-07T18:15:00+08:00,Project original - UW 0.5.0-pre-capture,Procedurally generated,false,,,,,VIS-UI-001_v001,UI icon: VIS-UI-002_UW-UPGRADE-1.0_reading_48_disabled.png
VIS-UI-002_UW-UPGRADE-1.0_reading_48_warning,VIS-UI-002,received,materials/inbox/visual/ui_icons/VIS-UI-002_UW-UPGRADE-1.0_reading_48_warning.png,,77f382d6a40e24a604709dbca3910fa50b6a2b6cfa87e0c7a0c833b0dc4e3195,WorkBuddy AI Asset Agent,Python PIL,2026-08-07T18:15:00+08:00,Project original - UW 0.5.0-pre-capture,Procedurally generated,false,,,,,VIS-UI-001_v001,UI icon: VIS-UI-002_UW-UPGRADE-1.0_reading_48_warning.png
svg_VIS-UI-002_UW-UPGRADE-1.0_training,VIS-UI-002,received,materials/inbox/visual/ui_icons/svg/VIS-UI-002_UW-UPGRADE-1.0_training.svg,,90bf5b5ab6ffe27ccf9bce8e1f2491c9f3349d9ea9d92454b16642fcedd66f31,WorkBuddy AI Asset Agent,Python PIL,2026-08-07T18:15:00+08:00,Project original - UW 0.5.0-pre-capture,Procedurally generated,false,,,,,VIS-UI-001_v001,UI icon: svg/VIS-UI-002_UW-UPGRADE-1.0_training.svg
VIS-UI-002_UW-UPGRADE-1.0_training_24,VIS-UI-002,received,materials/inbox/visual/ui_icons/VIS-UI-002_UW-UPGRADE-1.0_training_24.png,,ed3caa44a02cd856af2c45e214f2a2e56f1bc57258c0daf5a909958cdabbefba,WorkBuddy AI Asset Agent,Python PIL,2026-08-07T18:15:00+08:00,Project original - UW 0.5.0-pre-capture,Procedurally generated,false,,,,,VIS-UI-001_v001,UI icon: VIS-UI-002_UW-UPGRADE-1.0_training_24.png
VIS-UI-002_UW-UPGRADE-1.0_training_48,VIS-UI-002,received,materials/inbox/visual/ui_icons/VIS-UI-002_UW-UPGRADE-1.0_training_48.png,,2e830794d32d54a0e89d6e68a88b321c2e1a7a6cbb7fe4a2c4d0dd9c846d03d4,WorkBuddy AI Asset Agent,Python PIL,2026-08-07T18:15:00+08:00,Project original - UW 0.5.0-pre-capture,Procedurally generated,false,,,,,VIS-UI-001_v001,UI icon: VIS-UI-002_UW-UPGRADE-1.0_training_48.png
VIS-UI-002_UW-UPGRADE-1.0_training_96,VIS-UI-002,received,materials/inbox/visual/ui_icons/VIS-UI-002_UW-UPGRADE-1.0_training_96.png,,caa990506a5f82e440b9b3aa8ed55f55f447db6581b45208a34fad5ec40a1c6c,WorkBuddy AI Asset Agent,Python PIL,2026-08-07T18:15:00+08:00,Project original - UW 0.5.0-pre-capture,Procedurally generated,false,,,,,VIS-UI-001_v001,UI icon: VIS-UI-002_UW-UPGRADE-1.0_training_96.png
VIS-UI-002_UW-UPGRADE-1.0_training_48_hover,VIS-UI-002,received,materials/inbox/visual/ui_icons/VIS-UI-002_UW-UPGRADE-1.0_training_48_hover.png,,1200c27119c059a559fbb4ff320fe5e9df9b15ac5e16d687de26ffd028cdf237,WorkBuddy AI Asset Agent,Python PIL,2026-08-07T18:15:00+08:00,Project original - UW 0.5.0-pre-capture,Procedurally generated,false,,,,,VIS-UI-001_v001,UI icon: VIS-UI-002_UW-UPGRADE-1.0_training_48_hover.png
VIS-UI-002_UW-UPGRADE-1.0_training_48_selected,VIS-UI-002,received,materials/inbox/visual/ui_icons/VIS-UI-002_UW-UPGRADE-1.0_training_48_selected.png,,85e4eaa0ae35dc27bd33df4cdc7d22b80715d27d1edce629f46598b6f64b2eb3,WorkBuddy AI Asset Agent,Python PIL,2026-08-07T18:15:00+08:00,Project original - UW 0.5.0-pre-capture,Procedurally generated,false,,,,,VIS-UI-001_v001,UI icon: VIS-UI-002_UW-UPGRADE-1.0_training_48_selected.png
VIS-UI-002_UW-UPGRADE-1.0_training_48_disabled,VIS-UI-002,received,materials/inbox/visual/ui_icons/VIS-UI-002_UW-UPGRADE-1.0_training_48_disabled.png,,a8f3a2560c2d9a656c14a7d35ff3f4f2037c07e48508552ad004db7793fc6d62,WorkBuddy AI Asset Agent,Python PIL,2026-08-07T18:15:00+08:00,Project original - UW 0.5.0-pre-capture,Procedurally generated,false,,,,,VIS-UI-001_v001,UI icon: VIS-UI-002_UW-UPGRADE-1.0_training_48_disabled.png
VIS-UI-002_UW-UPGRADE-1.0_training_48_warning,VIS-UI-002,received,materials/inbox/visual/ui_icons/VIS-UI-002_UW-UPGRADE-1.0_training_48_warning.png,,571beda7b437fd48a5828c9a1f69512a337734c2b411887e5c1711806893e176,WorkBuddy AI Asset Agent,Python PIL,2026-08-07T18:15:00+08:00,Project original - UW 0.5.0-pre-capture,Procedurally generated,false,,,,,VIS-UI-001_v001,UI icon: VIS-UI-002_UW-UPGRADE-1.0_training_48_warning.png
svg_VIS-UI-002_UW-UPGRADE-1.0_meal,VIS-UI-002,received,materials/inbox/visual/ui_icons/svg/VIS-UI-002_UW-UPGRADE-1.0_meal.svg,,07043897c98f303641da8e4bc8a24c6f014e7d44969a52be73d5dbdb742c424e,WorkBuddy AI Asset Agent,Python PIL,2026-08-07T18:15:00+08:00,Project original - UW 0.5.0-pre-capture,Procedurally generated,false,,,,,VIS-UI-001_v001,UI icon: svg/VIS-UI-002_UW-UPGRADE-1.0_meal.svg
VIS-UI-002_UW-UPGRADE-1.0_meal_24,VIS-UI-002,received,materials/inbox/visual/ui_icons/VIS-UI-002_UW-UPGRADE-1.0_meal_24.png,,0bccaa35165ee6bd543ac25670ae0c93df6c1b75842886831a8eadb2f0af7d68,WorkBuddy AI Asset Agent,Python PIL,2026-08-07T18:15:00+08:00,Project original - UW 0.5.0-pre-capture,Procedurally generated,false,,,,,VIS-UI-001_v001,UI icon: VIS-UI-002_UW-UPGRADE-1.0_meal_24.png
VIS-UI-002_UW-UPGRADE-1.0_meal_48,VIS-UI-002,received,materials/inbox/visual/ui_icons/VIS-UI-002_UW-UPGRADE-1.0_meal_48.png,,c7186a022cac78d8d9513911576291b50d435a2809e3aeacc0b1cf31e48ff6d9,WorkBuddy AI Asset Agent,Python PIL,2026-08-07T18:15:00+08:00,Project original - UW 0.5.0-pre-capture,Procedurally generated,false,,,,,VIS-UI-001_v001,UI icon: VIS-UI-002_UW-UPGRADE-1.0_meal_48.png
VIS-UI-002_UW-UPGRADE-1.0_meal_96,VIS-UI-002,received,materials/inbox/visual/ui_icons/VIS-UI-002_UW-UPGRADE-1.0_meal_96.png,,8fd991484522a41cfe7d253f90794cb2439229201c7ee8cbadf82211e0a3c4e0,WorkBuddy AI Asset Agent,Python PIL,2026-08-07T18:15:00+08:00,Project original - UW 0.5.0-pre-capture,Procedurally generated,false,,,,,VIS-UI-001_v001,UI icon: VIS-UI-002_UW-UPGRADE-1.0_meal_96.png
VIS-UI-002_UW-UPGRADE-1.0_meal_48_hover,VIS-UI-002,received,materials/inbox/visual/ui_icons/VIS-UI-002_UW-UPGRADE-1.0_meal_48_hover.png,,3d6caa934cc07507d916e37eeb2b3df154482d2aaa5688625a1631e157400ec6,WorkBuddy AI Asset Agent,Python PIL,2026-08-07T18:15:00+08:00,Project original - UW 0.5.0-pre-capture,Procedurally generated,false,,,,,VIS-UI-001_v001,UI icon: VIS-UI-002_UW-UPGRADE-1.0_meal_48_hover.png
VIS-UI-002_UW-UPGRADE-1.0_meal_48_selected,VIS-UI-002,received,materials/inbox/visual/ui_icons/VIS-UI-002_UW-UPGRADE-1.0_meal_48_selected.png,,eca88b0c984e0d01c29156cc08a8cdd2326da23afdee9e41b302cdb58689e7f6,WorkBuddy AI Asset Agent,Python PIL,2026-08-07T18:15:00+08:00,Project original - UW 0.5.0-pre-capture,Procedurally generated,false,,,,,VIS-UI-001_v001,UI icon: VIS-UI-002_UW-UPGRADE-1.0_meal_48_selected.png
VIS-UI-002_UW-UPGRADE-1.0_meal_48_disabled,VIS-UI-002,received,materials/inbox/visual/ui_icons/VIS-UI-002_UW-UPGRADE-1.0_meal_48_disabled.png,,a8f3a2560c2d9a656c14a7d35ff3f4f2037c07e48508552ad004db7793fc6d62,WorkBuddy AI Asset Agent,Python PIL,2026-08-07T18:15:00+08:00,Project original - UW 0.5.0-pre-capture,Procedurally generated,false,,,,,VIS-UI-001_v001,UI icon: VIS-UI-002_UW-UPGRADE-1.0_meal_48_disabled.png
VIS-UI-002_UW-UPGRADE-1.0_meal_48_warning,VIS-UI-002,received,materials/inbox/visual/ui_icons/VIS-UI-002_UW-UPGRADE-1.0_meal_48_warning.png,,dc289381bda4e23567dfdb6684de35143501b75c1b5fb05ff6d891ca59977936,WorkBuddy AI Asset Agent,Python PIL,2026-08-07T18:15:00+08:00,Project original - UW 0.5.0-pre-capture,Procedurally generated,false,,,,,VIS-UI-001_v001,UI icon: VIS-UI-002_UW-UPGRADE-1.0_meal_48_warning.png
svg_VIS-UI-002_UW-UPGRADE-1.0_patrol,VIS-UI-002,received,materials/inbox/visual/ui_icons/svg/VIS-UI-002_UW-UPGRADE-1.0_patrol.svg,,a6111d323b118697e40c32a260382c3bc223dc3dd3621199334a38c4b2a701dc,WorkBuddy AI Asset Agent,Python PIL,2026-08-07T18:15:00+08:00,Project original - UW 0.5.0-pre-capture,Procedurally generated,false,,,,,VIS-UI-001_v001,UI icon: svg/VIS-UI-002_UW-UPGRADE-1.0_patrol.svg
VIS-UI-002_UW-UPGRADE-1.0_patrol_24,VIS-UI-002,received,materials/inbox/visual/ui_icons/VIS-UI-002_UW-UPGRADE-1.0_patrol_24.png,,0f0b327d591db5bea0c98fc034c9f6635213c76af2590b66c2b523ce3c983171,WorkBuddy AI Asset Agent,Python PIL,2026-08-07T18:15:00+08:00,Project original - UW 0.5.0-pre-capture,Procedurally generated,false,,,,,VIS-UI-001_v001,UI icon: VIS-UI-002_UW-UPGRADE-1.0_patrol_24.png
VIS-UI-002_UW-UPGRADE-1.0_patrol_48,VIS-UI-002,received,materials/inbox/visual/ui_icons/VIS-UI-002_UW-UPGRADE-1.0_patrol_48.png,,df0a15fb732acf0bc03c57079239e322043734e0477aedf089b9cfd78818da71,WorkBuddy AI Asset Agent,Python PIL,2026-08-07T18:15:00+08:00,Project original - UW 0.5.0-pre-capture,Procedurally generated,false,,,,,VIS-UI-001_v001,UI icon: VIS-UI-002_UW-UPGRADE-1.0_patrol_48.png
VIS-UI-002_UW-UPGRADE-1.0_patrol_96,VIS-UI-002,received,materials/inbox/visual/ui_icons/VIS-UI-002_UW-UPGRADE-1.0_patrol_96.png,,76d4d61fecbd9aac5190a9009b21014bf711f1920c02f772ef0b8b48bbfa8340,WorkBuddy AI Asset Agent,Python PIL,2026-08-07T18:15:00+08:00,Project original - UW 0.5.0-pre-capture,Procedurally generated,false,,,,,VIS-UI-001_v001,UI icon: VIS-UI-002_UW-UPGRADE-1.0_patrol_96.png
VIS-UI-002_UW-UPGRADE-1.0_patrol_48_hover,VIS-UI-002,received,materials/inbox/visual/ui_icons/VIS-UI-002_UW-UPGRADE-1.0_patrol_48_hover.png,,cd7ab6c11ad699ee0028b2f549227a2cffa3f40c98ce8b896917dd7919bb2e2d,WorkBuddy AI Asset Agent,Python PIL,2026-08-07T18:15:00+08:00,Project original - UW 0.5.0-pre-capture,Procedurally generated,false,,,,,VIS-UI-001_v001,UI icon: VIS-UI-002_UW-UPGRADE-1.0_patrol_48_hover.png
VIS-UI-002_UW-UPGRADE-1.0_patrol_48_selected,VIS-UI-002,received,materials/inbox/visual/ui_icons/VIS-UI-002_UW-UPGRADE-1.0_patrol_48_selected.png,,f6003cc24badddbdff98630b2ab74190755f2be55aff655f617fa032876e6ddf,WorkBuddy AI Asset Agent,Python PIL,2026-08-07T18:15:00+08:00,Project original - UW 0.5.0-pre-capture,Procedurally generated,false,,,,,VIS-UI-001_v001,UI icon: VIS-UI-002_UW-UPGRADE-1.0_patrol_48_selected.png
VIS-UI-002_UW-UPGRADE-1.0_patrol_48_disabled,VIS-UI-002,received,materials/inbox/visual/ui_icons/VIS-UI-002_UW-UPGRADE-1.0_patrol_48_disabled.png,,a8f3a2560c2d9a656c14a7d35ff3f4f2037c07e48508552ad004db7793fc6d62,WorkBuddy AI Asset Agent,Python PIL,2026-08-07T18:15:00+08:00,Project original - UW 0.5.0-pre-capture,Procedurally generated,false,,,,,VIS-UI-001_v001,UI icon: VIS-UI-002_UW-UPGRADE-1.0_patrol_48_disabled.png
VIS-UI-002_UW-UPGRADE-1.0_patrol_48_warning,VIS-UI-002,received,materials/inbox/visual/ui_icons/VIS-UI-002_UW-UPGRADE-1.0_patrol_48_warning.png,,493dea2aa9f9521809e1fc203c4cd282c35f19479c5b81fbc20cbbcaea279921,WorkBuddy AI Asset Agent,Python PIL,2026-08-07T18:15:00+08:00,Project original - UW 0.5.0-pre-capture,Procedurally generated,false,,,,,VIS-UI-001_v001,UI icon: VIS-UI-002_UW-UPGRADE-1.0_patrol_48_warning.png
svg_VIS-UI-002_UW-UPGRADE-1.0_delivery,VIS-UI-002,received,materials/inbox/visual/ui_icons/svg/VIS-UI-002_UW-UPGRADE-1.0_delivery.svg,,45ae5431be592e85acc2d4d52f2e5696cae72282af0d12e666e4f9d250e38eba,WorkBuddy AI Asset Agent,Python PIL,2026-08-07T18:15:00+08:00,Project original - UW 0.5.0-pre-capture,Procedurally generated,false,,,,,VIS-UI-001_v001,UI icon: svg/VIS-UI-002_UW-UPGRADE-1.0_delivery.svg
VIS-UI-002_UW-UPGRADE-1.0_delivery_24,VIS-UI-002,received,materials/inbox/visual/ui_icons/VIS-UI-002_UW-UPGRADE-1.0_delivery_24.png,,ed3caa44a02cd856af2c45e214f2a2e56f1bc57258c0daf5a909958cdabbefba,WorkBuddy AI Asset Agent,Python PIL,2026-08-07T18:15:00+08:00,Project original - UW 0.5.0-pre-capture,Procedurally generated,false,,,,,VIS-UI-001_v001,UI icon: VIS-UI-002_UW-UPGRADE-1.0_delivery_24.png
VIS-UI-002_UW-UPGRADE-1.0_delivery_48,VIS-UI-002,received,materials/inbox/visual/ui_icons/VIS-UI-002_UW-UPGRADE-1.0_delivery_48.png,,2e830794d32d54a0e89d6e68a88b321c2e1a7a6cbb7fe4a2c4d0dd9c846d03d4,WorkBuddy AI Asset Agent,Python PIL,2026-08-07T18:15:00+08:00,Project original - UW 0.5.0-pre-capture,Procedurally generated,false,,,,,VIS-UI-001_v001,UI icon: VIS-UI-002_UW-UPGRADE-1.0_delivery_48.png
VIS-UI-002_UW-UPGRADE-1.0_delivery_96,VIS-UI-002,received,materials/inbox/visual/ui_icons/VIS-UI-002_UW-UPGRADE-1.0_delivery_96.png,,caa990506a5f82e440b9b3aa8ed55f55f447db6581b45208a34fad5ec40a1c6c,WorkBuddy AI Asset Agent,Python PIL,2026-08-07T18:15:00+08:00,Project original - UW 0.5.0-pre-capture,Procedurally generated,false,,,,,VIS-UI-001_v001,UI icon: VIS-UI-002_UW-UPGRADE-1.0_delivery_96.png
VIS-UI-002_UW-UPGRADE-1.0_delivery_48_hover,VIS-UI-002,received,materials/inbox/visual/ui_icons/VIS-UI-002_UW-UPGRADE-1.0_delivery_48_hover.png,,1200c27119c059a559fbb4ff320fe5e9df9b15ac5e16d687de26ffd028cdf237,WorkBuddy AI Asset Agent,Python PIL,2026-08-07T18:15:00+08:00,Project original - UW 0.5.0-pre-capture,Procedurally generated,false,,,,,VIS-UI-001_v001,UI icon: VIS-UI-002_UW-UPGRADE-1.0_delivery_48_hover.png
VIS-UI-002_UW-UPGRADE-1.0_delivery_48_selected,VIS-UI-002,received,materials/inbox/visual/ui_icons/VIS-UI-002_UW-UPGRADE-1.0_delivery_48_selected.png,,85e4eaa0ae35dc27bd33df4cdc7d22b80715d27d1edce629f46598b6f64b2eb3,WorkBuddy AI Asset Agent,Python PIL,2026-08-07T18:15:00+08:00,Project original - UW 0.5.0-pre-capture,Procedurally generated,false,,,,,VIS-UI-001_v001,UI icon: VIS-UI-002_UW-UPGRADE-1.0_delivery_48_selected.png
VIS-UI-002_UW-UPGRADE-1.0_delivery_48_disabled,VIS-UI-002,received,materials/inbox/visual/ui_icons/VIS-UI-002_UW-UPGRADE-1.0_delivery_48_disabled.png,,a8f3a2560c2d9a656c14a7d35ff3f4f2037c07e48508552ad004db7793fc6d62,WorkBuddy AI Asset Agent,Python PIL,2026-08-07T18:15:00+08:00,Project original - UW 0.5.0-pre-capture,Procedurally generated,false,,,,,VIS-UI-001_v001,UI icon: VIS-UI-002_UW-UPGRADE-1.0_delivery_48_disabled.png
VIS-UI-002_UW-UPGRADE-1.0_delivery_48_warning,VIS-UI-002,received,materials/inbox/visual/ui_icons/VIS-UI-002_UW-UPGRADE-1.0_delivery_48_warning.png,,571beda7b437fd48a5828c9a1f69512a337734c2b411887e5c1711806893e176,WorkBuddy AI Asset Agent,Python PIL,2026-08-07T18:15:00+08:00,Project original - UW 0.5.0-pre-capture,Procedurally generated,false,,,,,VIS-UI-001_v001,UI icon: VIS-UI-002_UW-UPGRADE-1.0_delivery_48_warning.png
svg_VIS-UI-002_UW-UPGRADE-1.0_capture,VIS-UI-002,received,materials/inbox/visual/ui_icons/svg/VIS-UI-002_UW-UPGRADE-1.0_capture.svg,,341fd5ec2c6379f39beb8100faa055319a462dcf4eb86f8212112a8d27b2cea4,WorkBuddy AI Asset Agent,Python PIL,2026-08-07T18:15:00+08:00,Project original - UW 0.5.0-pre-capture,Procedurally generated,false,,,,,VIS-UI-001_v001,UI icon: svg/VIS-UI-002_UW-UPGRADE-1.0_capture.svg
VIS-UI-002_UW-UPGRADE-1.0_capture_24,VIS-UI-002,received,materials/inbox/visual/ui_icons/VIS-UI-002_UW-UPGRADE-1.0_capture_24.png,,b893cd8ef3f2907b5d7ef76c248154d4e0d4344d8362349eb0bec69d27bcab2e,WorkBuddy AI Asset Agent,Python PIL,2026-08-07T18:15:00+08:00,Project original - UW 0.5.0-pre-capture,Procedurally generated,false,,,,,VIS-UI-001_v001,UI icon: VIS-UI-002_UW-UPGRADE-1.0_capture_24.png
VIS-UI-002_UW-UPGRADE-1.0_capture_48,VIS-UI-002,received,materials/inbox/visual/ui_icons/VIS-UI-002_UW-UPGRADE-1.0_capture_48.png,,58ce86b3bce111c6f71613c41c7789d4dc8f33fb594e65eac60788dea94c0b91,WorkBuddy AI Asset Agent,Python PIL,2026-08-07T18:15:00+08:00,Project original - UW 0.5.0-pre-capture,Procedurally generated,false,,,,,VIS-UI-001_v001,UI icon: VIS-UI-002_UW-UPGRADE-1.0_capture_48.png
VIS-UI-002_UW-UPGRADE-1.0_capture_96,VIS-UI-002,received,materials/inbox/visual/ui_icons/VIS-UI-002_UW-UPGRADE-1.0_capture_96.png,,b534ec8424881e3944d6257e3152fde0b7b367c0e395abf517f44ae03b644666,WorkBuddy AI Asset Agent,Python PIL,2026-08-07T18:15:00+08:00,Project original - UW 0.5.0-pre-capture,Procedurally generated,false,,,,,VIS-UI-001_v001,UI icon: VIS-UI-002_UW-UPGRADE-1.0_capture_96.png
VIS-UI-002_UW-UPGRADE-1.0_capture_48_hover,VIS-UI-002,received,materials/inbox/visual/ui_icons/VIS-UI-002_UW-UPGRADE-1.0_capture_48_hover.png,,31726c0434365a304ae17f235b22a2210af5e774ecc6c2c9a79584e8d0ffe453,WorkBuddy AI Asset Agent,Python PIL,2026-08-07T18:15:00+08:00,Project original - UW 0.5.0-pre-capture,Procedurally generated,false,,,,,VIS-UI-001_v001,UI icon: VIS-UI-002_UW-UPGRADE-1.0_capture_48_hover.png
VIS-UI-002_UW-UPGRADE-1.0_capture_48_selected,VIS-UI-002,received,materials/inbox/visual/ui_icons/VIS-UI-002_UW-UPGRADE-1.0_capture_48_selected.png,,3df035fd0fc3515a78f7320c28044915910cd087c5454c1f0c81c1da8607e08c,WorkBuddy AI Asset Agent,Python PIL,2026-08-07T18:15:00+08:00,Project original - UW 0.5.0-pre-capture,Procedurally generated,false,,,,,VIS-UI-001_v001,UI icon: VIS-UI-002_UW-UPGRADE-1.0_capture_48_selected.png
VIS-UI-002_UW-UPGRADE-1.0_capture_48_disabled,VIS-UI-002,received,materials/inbox/visual/ui_icons/VIS-UI-002_UW-UPGRADE-1.0_capture_48_disabled.png,,a8f3a2560c2d9a656c14a7d35ff3f4f2037c07e48508552ad004db7793fc6d62,WorkBuddy AI Asset Agent,Python PIL,2026-08-07T18:15:00+08:00,Project original - UW 0.5.0-pre-capture,Procedurally generated,false,,,,,VIS-UI-001_v001,UI icon: VIS-UI-002_UW-UPGRADE-1.0_capture_48_disabled.png
VIS-UI-002_UW-UPGRADE-1.0_capture_48_warning,VIS-UI-002,received,materials/inbox/visual/ui_icons/VIS-UI-002_UW-UPGRADE-1.0_capture_48_warning.png,,23cc3e03b63101f4f1432df3eff1a318ad744a31cbfb1eedcabfc8f747c68071,WorkBuddy AI Asset Agent,Python PIL,2026-08-07T18:15:00+08:00,Project original - UW 0.5.0-pre-capture,Procedurally generated,false,,,,,VIS-UI-001_v001,UI icon: VIS-UI-002_UW-UPGRADE-1.0_capture_48_warning.png
svg_VIS-UI-002_UW-UPGRADE-1.0_success,VIS-UI-002,received,materials/inbox/visual/ui_icons/svg/VIS-UI-002_UW-UPGRADE-1.0_success.svg,,c954467a2ce1c651788739e2cc42b9077f7dd389d868e48208ea07297a6fec73,WorkBuddy AI Asset Agent,Python PIL,2026-08-07T18:15:00+08:00,Project original - UW 0.5.0-pre-capture,Procedurally generated,false,,,,,VIS-UI-001_v001,UI icon: svg/VIS-UI-002_UW-UPGRADE-1.0_success.svg
VIS-UI-002_UW-UPGRADE-1.0_success_24,VIS-UI-002,received,materials/inbox/visual/ui_icons/VIS-UI-002_UW-UPGRADE-1.0_success_24.png,,0f0b327d591db5bea0c98fc034c9f6635213c76af2590b66c2b523ce3c983171,WorkBuddy AI Asset Agent,Python PIL,2026-08-07T18:15:00+08:00,Project original - UW 0.5.0-pre-capture,Procedurally generated,false,,,,,VIS-UI-001_v001,UI icon: VIS-UI-002_UW-UPGRADE-1.0_success_24.png
VIS-UI-002_UW-UPGRADE-1.0_success_48,VIS-UI-002,received,materials/inbox/visual/ui_icons/VIS-UI-002_UW-UPGRADE-1.0_success_48.png,,df0a15fb732acf0bc03c57079239e322043734e0477aedf089b9cfd78818da71,WorkBuddy AI Asset Agent,Python PIL,2026-08-07T18:15:00+08:00,Project original - UW 0.5.0-pre-capture,Procedurally generated,false,,,,,VIS-UI-001_v001,UI icon: VIS-UI-002_UW-UPGRADE-1.0_success_48.png
VIS-UI-002_UW-UPGRADE-1.0_success_96,VIS-UI-002,received,materials/inbox/visual/ui_icons/VIS-UI-002_UW-UPGRADE-1.0_success_96.png,,76d4d61fecbd9aac5190a9009b21014bf711f1920c02f772ef0b8b48bbfa8340,WorkBuddy AI Asset Agent,Python PIL,2026-08-07T18:15:00+08:00,Project original - UW 0.5.0-pre-capture,Procedurally generated,false,,,,,VIS-UI-001_v001,UI icon: VIS-UI-002_UW-UPGRADE-1.0_success_96.png
VIS-UI-002_UW-UPGRADE-1.0_success_48_hover,VIS-UI-002,received,materials/inbox/visual/ui_icons/VIS-UI-002_UW-UPGRADE-1.0_success_48_hover.png,,cd7ab6c11ad699ee0028b2f549227a2cffa3f40c98ce8b896917dd7919bb2e2d,WorkBuddy AI Asset Agent,Python PIL,2026-08-07T18:15:00+08:00,Project original - UW 0.5.0-pre-capture,Procedurally generated,false,,,,,VIS-UI-001_v001,UI icon: VIS-UI-002_UW-UPGRADE-1.0_success_48_hover.png
VIS-UI-002_UW-UPGRADE-1.0_success_48_selected,VIS-UI-002,received,materials/inbox/visual/ui_icons/VIS-UI-002_UW-UPGRADE-1.0_success_48_selected.png,,f6003cc24badddbdff98630b2ab74190755f2be55aff655f617fa032876e6ddf,WorkBuddy AI Asset Agent,Python PIL,2026-08-07T18:15:00+08:00,Project original - UW 0.5.0-pre-capture,Procedurally generated,false,,,,,VIS-UI-001_v001,UI icon: VIS-UI-002_UW-UPGRADE-1.0_success_48_selected.png
VIS-UI-002_UW-UPGRADE-1.0_success_48_disabled,VIS-UI-002,received,materials/inbox/visual/ui_icons/VIS-UI-002_UW-UPGRADE-1.0_success_48_disabled.png,,a8f3a2560c2d9a656c14a7d35ff3f4f2037c07e48508552ad004db7793fc6d62,WorkBuddy AI Asset Agent,Python PIL,2026-08-07T18:15:00+08:00,Project original - UW 0.5.0-pre-capture,Procedurally generated,false,,,,,VIS-UI-001_v001,UI icon: VIS-UI-002_UW-UPGRADE-1.0_success_48_disabled.png
VIS-UI-002_UW-UPGRADE-1.0_success_48_warning,VIS-UI-002,received,materials/inbox/visual/ui_icons/VIS-UI-002_UW-UPGRADE-1.0_success_48_warning.png,,493dea2aa9f9521809e1fc203c4cd282c35f19479c5b81fbc20cbbcaea279921,WorkBuddy AI Asset Agent,Python PIL,2026-08-07T18:15:00+08:00,Project original - UW 0.5.0-pre-capture,Procedurally generated,false,,,,,VIS-UI-001_v001,UI icon: VIS-UI-002_UW-UPGRADE-1.0_success_48_warning.png
svg_VIS-UI-002_UW-UPGRADE-1.0_warning,VIS-UI-002,received,materials/inbox/visual/ui_icons/svg/VIS-UI-002_UW-UPGRADE-1.0_warning.svg,,e02a50e4b1f0361fb65178f3937f34acc4ada53630f97bd87b0fabe2291d0dc9,WorkBuddy AI Asset Agent,Python PIL,2026-08-07T18:15:00+08:00,Project original - UW 0.5.0-pre-capture,Procedurally generated,false,,,,,VIS-UI-001_v001,UI icon: svg/VIS-UI-002_UW-UPGRADE-1.0_warning.svg
VIS-UI-002_UW-UPGRADE-1.0_warning_24,VIS-UI-002,received,materials/inbox/visual/ui_icons/VIS-UI-002_UW-UPGRADE-1.0_warning_24.png,,0bccaa35165ee6bd543ac25670ae0c93df6c1b75842886831a8eadb2f0af7d68,WorkBuddy AI Asset Agent,Python PIL,2026-08-07T18:15:00+08:00,Project original - UW 0.5.0-pre-capture,Procedurally generated,false,,,,,VIS-UI-001_v001,UI icon: VIS-UI-002_UW-UPGRADE-1.0_warning_24.png
VIS-UI-002_UW-UPGRADE-1.0_warning_48,VIS-UI-002,received,materials/inbox/visual/ui_icons/VIS-UI-002_UW-UPGRADE-1.0_warning_48.png,,c7186a022cac78d8d9513911576291b50d435a2809e3aeacc0b1cf31e48ff6d9,WorkBuddy AI Asset Agent,Python PIL,2026-08-07T18:15:00+08:00,Project original - UW 0.5.0-pre-capture,Procedurally generated,false,,,,,VIS-UI-001_v001,UI icon: VIS-UI-002_UW-UPGRADE-1.0_warning_48.png
VIS-UI-002_UW-UPGRADE-1.0_warning_96,VIS-UI-002,received,materials/inbox/visual/ui_icons/VIS-UI-002_UW-UPGRADE-1.0_warning_96.png,,8fd991484522a41cfe7d253f90794cb2439229201c7ee8cbadf82211e0a3c4e0,WorkBuddy AI Asset Agent,Python PIL,2026-08-07T18:15:00+08:00,Project original - UW 0.5.0-pre-capture,Procedurally generated,false,,,,,VIS-UI-001_v001,UI icon: VIS-UI-002_UW-UPGRADE-1.0_warning_96.png
VIS-UI-002_UW-UPGRADE-1.0_warning_48_hover,VIS-UI-002,received,materials/inbox/visual/ui_icons/VIS-UI-002_UW-UPGRADE-1.0_warning_48_hover.png,,3d6caa934cc07507d916e37eeb2b3df154482d2aaa5688625a1631e157400ec6,WorkBuddy AI Asset Agent,Python PIL,2026-08-07T18:15:00+08:00,Project original - UW 0.5.0-pre-capture,Procedurally generated,false,,,,,VIS-UI-001_v001,UI icon: VIS-UI-002_UW-UPGRADE-1.0_warning_48_hover.png
VIS-UI-002_UW-UPGRADE-1.0_warning_48_selected,VIS-UI-002,received,materials/inbox/visual/ui_icons/VIS-UI-002_UW-UPGRADE-1.0_warning_48_selected.png,,eca88b0c984e0d01c29156cc08a8cdd2326da23afdee9e41b302cdb58689e7f6,WorkBuddy AI Asset Agent,Python PIL,2026-08-07T18:15:00+08:00,Project original - UW 0.5.0-pre-capture,Procedurally generated,false,,,,,VIS-UI-001_v001,UI icon: VIS-UI-002_UW-UPGRADE-1.0_warning_48_selected.png
VIS-UI-002_UW-UPGRADE-1.0_warning_48_disabled,VIS-UI-002,received,materials/inbox/visual/ui_icons/VIS-UI-002_UW-UPGRADE-1.0_warning_48_disabled.png,,a8f3a2560c2d9a656c14a7d35ff3f4f2037c07e48508552ad004db7793fc6d62,WorkBuddy AI Asset Agent,Python PIL,2026-08-07T18:15:00+08:00,Project original - UW 0.5.0-pre-capture,Procedurally generated,false,,,,,VIS-UI-001_v001,UI icon: VIS-UI-002_UW-UPGRADE-1.0_warning_48_disabled.png
VIS-UI-002_UW-UPGRADE-1.0_warning_48_warning,VIS-UI-002,received,materials/inbox/visual/ui_icons/VIS-UI-002_UW-UPGRADE-1.0_warning_48_warning.png,,dc289381bda4e23567dfdb6684de35143501b75c1b5fb05ff6d891ca59977936,WorkBuddy AI Asset Agent,Python PIL,2026-08-07T18:15:00+08:00,Project original - UW 0.5.0-pre-capture,Procedurally generated,false,,,,,VIS-UI-001_v001,UI icon: VIS-UI-002_UW-UPGRADE-1.0_warning_48_warning.png
svg_VIS-UI-002_UW-UPGRADE-1.0_locked,VIS-UI-002,received,materials/inbox/visual/ui_icons/svg/VIS-UI-002_UW-UPGRADE-1.0_locked.svg,,e617de2318b54e395e60e9a8e37ac3fdff54e3dcf78522c9d6f1866ee7a62176,WorkBuddy AI Asset Agent,Python PIL,2026-08-07T18:15:00+08:00,Project original - UW 0.5.0-pre-capture,Procedurally generated,false,,,,,VIS-UI-001_v001,UI icon: svg/VIS-UI-002_UW-UPGRADE-1.0_locked.svg
VIS-UI-002_UW-UPGRADE-1.0_locked_24,VIS-UI-002,received,materials/inbox/visual/ui_icons/VIS-UI-002_UW-UPGRADE-1.0_locked_24.png,,8b7d9218c253fb22c18bbfdea6c04bd75cad5f630a12bd5951bd66b39adae564,WorkBuddy AI Asset Agent,Python PIL,2026-08-07T18:15:00+08:00,Project original - UW 0.5.0-pre-capture,Procedurally generated,false,,,,,VIS-UI-001_v001,UI icon: VIS-UI-002_UW-UPGRADE-1.0_locked_24.png
VIS-UI-002_UW-UPGRADE-1.0_locked_48,VIS-UI-002,received,materials/inbox/visual/ui_icons/VIS-UI-002_UW-UPGRADE-1.0_locked_48.png,,8024f0fce533d106296e678c718e7fd1eae50bb43508c37d0df8c83d6325c660,WorkBuddy AI Asset Agent,Python PIL,2026-08-07T18:15:00+08:00,Project original - UW 0.5.0-pre-capture,Procedurally generated,false,,,,,VIS-UI-001_v001,UI icon: VIS-UI-002_UW-UPGRADE-1.0_locked_48.png
VIS-UI-002_UW-UPGRADE-1.0_locked_96,VIS-UI-002,received,materials/inbox/visual/ui_icons/VIS-UI-002_UW-UPGRADE-1.0_locked_96.png,,c0af416afadac48ab16cda0a3747039c05b79be7269b749da36dfa71f40d8a42,WorkBuddy AI Asset Agent,Python PIL,2026-08-07T18:15:00+08:00,Project original - UW 0.5.0-pre-capture,Procedurally generated,false,,,,,VIS-UI-001_v001,UI icon: VIS-UI-002_UW-UPGRADE-1.0_locked_96.png
VIS-UI-002_UW-UPGRADE-1.0_locked_48_hover,VIS-UI-002,received,materials/inbox/visual/ui_icons/VIS-UI-002_UW-UPGRADE-1.0_locked_48_hover.png,,804067efc6bdfe7e5cf35e06e66c447e44b5edc9453a694a8846010432be7051,WorkBuddy AI Asset Agent,Python PIL,2026-08-07T18:15:00+08:00,Project original - UW 0.5.0-pre-capture,Procedurally generated,false,,,,,VIS-UI-001_v001,UI icon: VIS-UI-002_UW-UPGRADE-1.0_locked_48_hover.png
VIS-UI-002_UW-UPGRADE-1.0_locked_48_selected,VIS-UI-002,received,materials/inbox/visual/ui_icons/VIS-UI-002_UW-UPGRADE-1.0_locked_48_selected.png,,5b69170910aa8b122061b19d861155295dbc3a5be6699598c62a9693db76eb04,WorkBuddy AI Asset Agent,Python PIL,2026-08-07T18:15:00+08:00,Project original - UW 0.5.0-pre-capture,Procedurally generated,false,,,,,VIS-UI-001_v001,UI icon: VIS-UI-002_UW-UPGRADE-1.0_locked_48_selected.png
VIS-UI-002_UW-UPGRADE-1.0_locked_48_disabled,VIS-UI-002,received,materials/inbox/visual/ui_icons/VIS-UI-002_UW-UPGRADE-1.0_locked_48_disabled.png,,a8f3a2560c2d9a656c14a7d35ff3f4f2037c07e48508552ad004db7793fc6d62,WorkBuddy AI Asset Agent,Python PIL,2026-08-07T18:15:00+08:00,Project original - UW 0.5.0-pre-capture,Procedurally generated,false,,,,,VIS-UI-001_v001,UI icon: VIS-UI-002_UW-UPGRADE-1.0_locked_48_disabled.png
VIS-UI-002_UW-UPGRADE-1.0_locked_48_warning,VIS-UI-002,received,materials/inbox/visual/ui_icons/VIS-UI-002_UW-UPGRADE-1.0_locked_48_warning.png,,5ab162b5eebc24b46a850c1f936fdedf134060b3ae3001842e0806aac60e12ba,WorkBuddy AI Asset Agent,Python PIL,2026-08-07T18:15:00+08:00,Project original - UW 0.5.0-pre-capture,Procedurally generated,false,,,,,VIS-UI-001_v001,UI icon: VIS-UI-002_UW-UPGRADE-1.0_locked_48_warning.png
svg_VIS-UI-002_UW-UPGRADE-1.0_completed,VIS-UI-002,received,materials/inbox/visual/ui_icons/svg/VIS-UI-002_UW-UPGRADE-1.0_completed.svg,,4db81d39465ae10790d9c585b2c2e933b6c6f7bff4dfbc53ccc19ac08fa0f9ce,WorkBuddy AI Asset Agent,Python PIL,2026-08-07T18:15:00+08:00,Project original - UW 0.5.0-pre-capture,Procedurally generated,false,,,,,VIS-UI-001_v001,UI icon: svg/VIS-UI-002_UW-UPGRADE-1.0_completed.svg
VIS-UI-002_UW-UPGRADE-1.0_completed_24,VIS-UI-002,received,materials/inbox/visual/ui_icons/VIS-UI-002_UW-UPGRADE-1.0_completed_24.png,,0f0b327d591db5bea0c98fc034c9f6635213c76af2590b66c2b523ce3c983171,WorkBuddy AI Asset Agent,Python PIL,2026-08-07T18:15:00+08:00,Project original - UW 0.5.0-pre-capture,Procedurally generated,false,,,,,VIS-UI-001_v001,UI icon: VIS-UI-002_UW-UPGRADE-1.0_completed_24.png
VIS-UI-002_UW-UPGRADE-1.0_completed_48,VIS-UI-002,received,materials/inbox/visual/ui_icons/VIS-UI-002_UW-UPGRADE-1.0_completed_48.png,,df0a15fb732acf0bc03c57079239e322043734e0477aedf089b9cfd78818da71,WorkBuddy AI Asset Agent,Python PIL,2026-08-07T18:15:00+08:00,Project original - UW 0.5.0-pre-capture,Procedurally generated,false,,,,,VIS-UI-001_v001,UI icon: VIS-UI-002_UW-UPGRADE-1.0_completed_48.png
VIS-UI-002_UW-UPGRADE-1.0_completed_96,VIS-UI-002,received,materials/inbox/visual/ui_icons/VIS-UI-002_UW-UPGRADE-1.0_completed_96.png,,76d4d61fecbd9aac5190a9009b21014bf711f1920c02f772ef0b8b48bbfa8340,WorkBuddy AI Asset Agent,Python PIL,2026-08-07T18:15:00+08:00,Project original - UW 0.5.0-pre-capture,Procedurally generated,false,,,,,VIS-UI-001_v001,UI icon: VIS-UI-002_UW-UPGRADE-1.0_completed_96.png
VIS-UI-002_UW-UPGRADE-1.0_completed_48_hover,VIS-UI-002,received,materials/inbox/visual/ui_icons/VIS-UI-002_UW-UPGRADE-1.0_completed_48_hover.png,,cd7ab6c11ad699ee0028b2f549227a2cffa3f40c98ce8b896917dd7919bb2e2d,WorkBuddy AI Asset Agent,Python PIL,2026-08-07T18:15:00+08:00,Project original - UW 0.5.0-pre-capture,Procedurally generated,false,,,,,VIS-UI-001_v001,UI icon: VIS-UI-002_UW-UPGRADE-1.0_completed_48_hover.png
VIS-UI-002_UW-UPGRADE-1.0_completed_48_selected,VIS-UI-002,received,materials/inbox/visual/ui_icons/VIS-UI-002_UW-UPGRADE-1.0_completed_48_selected.png,,f6003cc24badddbdff98630b2ab74190755f2be55aff655f617fa032876e6ddf,WorkBuddy AI Asset Agent,Python PIL,2026-08-07T18:15:00+08:00,Project original - UW 0.5.0-pre-capture,Procedurally generated,false,,,,,VIS-UI-001_v001,UI icon: VIS-UI-002_UW-UPGRADE-1.0_completed_48_selected.png
VIS-UI-002_UW-UPGRADE-1.0_completed_48_disabled,VIS-UI-002,received,materials/inbox/visual/ui_icons/VIS-UI-002_UW-UPGRADE-1.0_completed_48_disabled.png,,a8f3a2560c2d9a656c14a7d35ff3f4f2037c07e48508552ad004db7793fc6d62,WorkBuddy AI Asset Agent,Python PIL,2026-08-07T18:15:00+08:00,Project original - UW 0.5.0-pre-capture,Procedurally generated,false,,,,,VIS-UI-001_v001,UI icon: VIS-UI-002_UW-UPGRADE-1.0_completed_48_disabled.png
VIS-UI-002_UW-UPGRADE-1.0_completed_48_warning,VIS-UI-002,received,materials/inbox/visual/ui_icons/VIS-UI-002_UW-UPGRADE-1.0_completed_48_warning.png,,493dea2aa9f9521809e1fc203c4cd282c35f19479c5b81fbc20cbbcaea279921,WorkBuddy AI Asset Agent,Python PIL,2026-08-07T18:15:00+08:00,Project original - UW 0.5.0-pre-capture,Procedurally generated,false,,,,,VIS-UI-001_v001,UI icon: VIS-UI-002_UW-UPGRADE-1.0_completed_48_warning.png
svg_VIS-UI-002_UW-UPGRADE-1.0_retry,VIS-UI-002,received,materials/inbox/visual/ui_icons/svg/VIS-UI-002_UW-UPGRADE-1.0_retry.svg,,877c2da0728cfdd0e6d1aae7114a2021c63f42afea36d48422d497151f55ad30,WorkBuddy AI Asset Agent,Python PIL,2026-08-07T18:15:00+08:00,Project original - UW 0.5.0-pre-capture,Procedurally generated,false,,,,,VIS-UI-001_v001,UI icon: svg/VIS-UI-002_UW-UPGRADE-1.0_retry.svg
VIS-UI-002_UW-UPGRADE-1.0_retry_24,VIS-UI-002,received,materials/inbox/visual/ui_icons/VIS-UI-002_UW-UPGRADE-1.0_retry_24.png,,751d5082f755778adef8ab8d27683f63f44b9254f09ab8a9419d7c1b22c0b1fb,WorkBuddy AI Asset Agent,Python PIL,2026-08-07T18:15:00+08:00,Project original - UW 0.5.0-pre-capture,Procedurally generated,false,,,,,VIS-UI-001_v001,UI icon: VIS-UI-002_UW-UPGRADE-1.0_retry_24.png
VIS-UI-002_UW-UPGRADE-1.0_retry_48,VIS-UI-002,received,materials/inbox/visual/ui_icons/VIS-UI-002_UW-UPGRADE-1.0_retry_48.png,,1459f56e8d02103ee9b810a3f89fb6b8de4a428309d7ddd9fdd032152ffbfec6,WorkBuddy AI Asset Agent,Python PIL,2026-08-07T18:15:00+08:00,Project original - UW 0.5.0-pre-capture,Procedurally generated,false,,,,,VIS-UI-001_v001,UI icon: VIS-UI-002_UW-UPGRADE-1.0_retry_48.png
VIS-UI-002_UW-UPGRADE-1.0_retry_96,VIS-UI-002,received,materials/inbox/visual/ui_icons/VIS-UI-002_UW-UPGRADE-1.0_retry_96.png,,932ac9ef2c9f38bcf4509ebde756ee299ed2be5fa01746dc2bb95c8b806ea5ef,WorkBuddy AI Asset Agent,Python PIL,2026-08-07T18:15:00+08:00,Project original - UW 0.5.0-pre-capture,Procedurally generated,false,,,,,VIS-UI-001_v001,UI icon: VIS-UI-002_UW-UPGRADE-1.0_retry_96.png
VIS-UI-002_UW-UPGRADE-1.0_retry_48_hover,VIS-UI-002,received,materials/inbox/visual/ui_icons/VIS-UI-002_UW-UPGRADE-1.0_retry_48_hover.png,,de33c95a06baa27cad8674040373c6b596712a8429e65deb54ba36baa291a191,WorkBuddy AI Asset Agent,Python PIL,2026-08-07T18:15:00+08:00,Project original - UW 0.5.0-pre-capture,Procedurally generated,false,,,,,VIS-UI-001_v001,UI icon: VIS-UI-002_UW-UPGRADE-1.0_retry_48_hover.png
VIS-UI-002_UW-UPGRADE-1.0_retry_48_selected,VIS-UI-002,received,materials/inbox/visual/ui_icons/VIS-UI-002_UW-UPGRADE-1.0_retry_48_selected.png,,347a2b5ec05e875a7201fe170aa0aa8cf4caa32c24d1f6da4f3da1ce2e31905e,WorkBuddy AI Asset Agent,Python PIL,2026-08-07T18:15:00+08:00,Project original - UW 0.5.0-pre-capture,Procedurally generated,false,,,,,VIS-UI-001_v001,UI icon: VIS-UI-002_UW-UPGRADE-1.0_retry_48_selected.png
VIS-UI-002_UW-UPGRADE-1.0_retry_48_disabled,VIS-UI-002,received,materials/inbox/visual/ui_icons/VIS-UI-002_UW-UPGRADE-1.0_retry_48_disabled.png,,a8f3a2560c2d9a656c14a7d35ff3f4f2037c07e48508552ad004db7793fc6d62,WorkBuddy AI Asset Agent,Python PIL,2026-08-07T18:15:00+08:00,Project original - UW 0.5.0-pre-capture,Procedurally generated,false,,,,,VIS-UI-001_v001,UI icon: VIS-UI-002_UW-UPGRADE-1.0_retry_48_disabled.png
VIS-UI-002_UW-UPGRADE-1.0_retry_48_warning,VIS-UI-002,received,materials/inbox/visual/ui_icons/VIS-UI-002_UW-UPGRADE-1.0_retry_48_warning.png,,84c74da4ede9262092ebcaaaad571277d9c65869bef0920de3af6a840cdaa013,WorkBuddy AI Asset Agent,Python PIL,2026-08-07T18:15:00+08:00,Project original - UW 0.5.0-pre-capture,Procedurally generated,false,,,,,VIS-UI-001_v001,UI icon: VIS-UI-002_UW-UPGRADE-1.0_retry_48_warning.png
svg_VIS-UI-002_UW-UPGRADE-1.0_day_settle,VIS-UI-002,received,materials/inbox/visual/ui_icons/svg/VIS-UI-002_UW-UPGRADE-1.0_day_settle.svg,,55cf0bca12a9ad3b588edb8943a592c04f38414a0d388b87a7c08d83aaaacd02,WorkBuddy AI Asset Agent,Python PIL,2026-08-07T18:15:00+08:00,Project original - UW 0.5.0-pre-capture,Procedurally generated,false,,,,,VIS-UI-001_v001,UI icon: svg/VIS-UI-002_UW-UPGRADE-1.0_day_settle.svg
VIS-UI-002_UW-UPGRADE-1.0_day_settle_24,VIS-UI-002,received,materials/inbox/visual/ui_icons/VIS-UI-002_UW-UPGRADE-1.0_day_settle_24.png,,140eff9431c8e51b3df901b1388b894095c3a3e94ba18211e1d6a0ce4bb60059,WorkBuddy AI Asset Agent,Python PIL,2026-08-07T18:15:00+08:00,Project original - UW 0.5.0-pre-capture,Procedurally generated,false,,,,,VIS-UI-001_v001,UI icon: VIS-UI-002_UW-UPGRADE-1.0_day_settle_24.png
VIS-UI-002_UW-UPGRADE-1.0_day_settle_48,VIS-UI-002,received,materials/inbox/visual/ui_icons/VIS-UI-002_UW-UPGRADE-1.0_day_settle_48.png,,bd3bc7c85dbf20e809322629db57ead24ab1670a36d21136b13ec28527ebd26f,WorkBuddy AI Asset Agent,Python PIL,2026-08-07T18:15:00+08:00,Project original - UW 0.5.0-pre-capture,Procedurally generated,false,,,,,VIS-UI-001_v001,UI icon: VIS-UI-002_UW-UPGRADE-1.0_day_settle_48.png
VIS-UI-002_UW-UPGRADE-1.0_day_settle_96,VIS-UI-002,received,materials/inbox/visual/ui_icons/VIS-UI-002_UW-UPGRADE-1.0_day_settle_96.png,,29aa4e8b7c5d59abe2e7b69db9350c8d3e0c2b62ce190f75a2ff113b4113c6cf,WorkBuddy AI Asset Agent,Python PIL,2026-08-07T18:15:00+08:00,Project original - UW 0.5.0-pre-capture,Procedurally generated,false,,,,,VIS-UI-001_v001,UI icon: VIS-UI-002_UW-UPGRADE-1.0_day_settle_96.png
VIS-UI-002_UW-UPGRADE-1.0_day_settle_48_hover,VIS-UI-002,received,materials/inbox/visual/ui_icons/VIS-UI-002_UW-UPGRADE-1.0_day_settle_48_hover.png,,6bff9c85dd92dcb78dc4ab40e9a4d263e3b23f10853b78c7df910833b9ec7bd8,WorkBuddy AI Asset Agent,Python PIL,2026-08-07T18:15:00+08:00,Project original - UW 0.5.0-pre-capture,Procedurally generated,false,,,,,VIS-UI-001_v001,UI icon: VIS-UI-002_UW-UPGRADE-1.0_day_settle_48_hover.png
VIS-UI-002_UW-UPGRADE-1.0_day_settle_48_selected,VIS-UI-002,received,materials/inbox/visual/ui_icons/VIS-UI-002_UW-UPGRADE-1.0_day_settle_48_selected.png,,8013fac2658d1f165df8cf73f3e71bbd97c43f70c3d681c4619b8070291cac7a,WorkBuddy AI Asset Agent,Python PIL,2026-08-07T18:15:00+08:00,Project original - UW 0.5.0-pre-capture,Procedurally generated,false,,,,,VIS-UI-001_v001,UI icon: VIS-UI-002_UW-UPGRADE-1.0_day_settle_48_selected.png
VIS-UI-002_UW-UPGRADE-1.0_day_settle_48_disabled,VIS-UI-002,received,materials/inbox/visual/ui_icons/VIS-UI-002_UW-UPGRADE-1.0_day_settle_48_disabled.png,,a8f3a2560c2d9a656c14a7d35ff3f4f2037c07e48508552ad004db7793fc6d62,WorkBuddy AI Asset Agent,Python PIL,2026-08-07T18:15:00+08:00,Project original - UW 0.5.0-pre-capture,Procedurally generated,false,,,,,VIS-UI-001_v001,UI icon: VIS-UI-002_UW-UPGRADE-1.0_day_settle_48_disabled.png
VIS-UI-002_UW-UPGRADE-1.0_day_settle_48_warning,VIS-UI-002,received,materials/inbox/visual/ui_icons/VIS-UI-002_UW-UPGRADE-1.0_day_settle_48_warning.png,,77f382d6a40e24a604709dbca3910fa50b6a2b6cfa87e0c7a0c833b0dc4e3195,WorkBuddy AI Asset Agent,Python PIL,2026-08-07T18:15:00+08:00,Project original - UW 0.5.0-pre-capture,Procedurally generated,false,,,,,VIS-UI-001_v001,UI icon: VIS-UI-002_UW-UPGRADE-1.0_day_settle_48_warning.png
VIS-UI-002_UW-UPGRADE-1.0_contact_sheet,VIS-UI-002,received,materials/inbox/visual/ui_icons/VIS-UI-002_UW-UPGRADE-1.0_contact_sheet.png,,3cac283ee3e4b3129347c2006a573d5e3ffd326312b4754ee1762b0bff9cde32,WorkBuddy AI Asset Agent,Python PIL,2026-08-07T18:15:00+08:00,Project original - UW 0.5.0-pre-capture,Procedurally generated,false,,,,,VIS-UI-001_v001,UI icon: VIS-UI-002_UW-UPGRADE-1.0_contact_sheet.png
VIS-UI-002_UW-UPGRADE-1.0_registry,VIS-UI-002,received,materials/inbox/visual/ui_icons/VIS-UI-002_UW-UPGRADE-1.0_registry.json,,88c6e2b084704c9eccfcb3074cf9a7e950d8214eeca88b071e038be07842128f,WorkBuddy AI Asset Agent,Python PIL,2026-08-07T18:15:00+08:00,Project original - UW 0.5.0-pre-capture,Procedurally generated,false,,,,,VIS-UI-001_v001,UI icon: VIS-UI-002_UW-UPGRADE-1.0_registry.json
